common_opponents_count,p2_current_streak_count,ranking_ratio,p2_form_win_percentage,p1_current_streak_count,p1_ranking_momentum_score,ranking_diff,p1_ranking,p1_surface_specialization_score,p2_form_recent_score,p2_ranking_momentum_score,p1_common_opponents_score,p2_surface_specialization_score,p1_pts,p1_strength_of_schedule_score,match_competitiveness,p2_pts,p1_elo,p1_form_win_percentage,p2_form_losses,p2_common_opponents_score,p2_elo,p1_form_recent_score,p2_regional_comfort_win_rate,p2_ranking,elo_diff,tipo_cancha,p1_form_status,p1_current_streak_type,p2_form_status,p2_current_streak_type,actual_winner,surface_Clay,surface_Grass,surface_Hard
6,-1,0.8255813953488372,50.0,-3,1.04,-14.0,71.0,0.0,0.69,1.13,0.85,0.0,775.0,0.0,2,667.0,1760,50.0,10.0,0.39,1877,0.69,37.5,85.0,-117,Harditf women: 12finisheddmitruk k.khomutsianskaya d.mansouri y.milovanovic e.207575--,Regular,derrotas,Regular,derrotas,player2,False,False,False
4,-1,1.7473684210526317,55.0,3,1.14,72.0,166.0,0.0,0.71,1.13,0.0,0.0,345.0,0.0,1,625.0,1703,65.0,9.0,0.66,1840,0.78,50.0,94.0,-137,Harditf women: 12finisheddmitruk k.khomutsianskaya d.mansouri y.milovanovic e.207575--,Buena,victorias,Regular,derrotas,player2,False,False,False
8,-3,0.14864864864864866,45.0,5,1.08,-62.0,11.0,0.0,0.68,1.04,0.92,0.0,2960.0,0.0,1,763.0,2064,75.0,11.0,0.0,1804,0.86,40.0,73.0,260,Harditf women: 12finisheddmitruk k.khomutsianskaya d.mansouri y.milovanovic e.207575--,Excelente,victorias,Regular,derrotas,player1,False,False,False
2,-1,2.046875,45.0,3,1.15,68.0,131.0,0.0,0.68,1.13,0.32,0.0,454.0,0.0,1,848.0,1806,60.0,11.0,0.49,1850,0.77,42.9,63.0,-44,Harditf women: 12finisheddmitruk k.khomutsianskaya d.mansouri y.milovanovic e.207575--,Buena,victorias,Regular,derrotas,player2,False,False,False
4,1,0.7008547008547008,50.0,-1,1.03,-34.0,82.0,0.0,0.71,1.02,0.6,0.0,700.0,0.0,2,498.0,1759,60.0,10.0,0.0,1812,0.72,50.0,116.0,-53,Harditf women: 12finisheddmitruk k.khomutsianskaya d.mansouri y.milovanovic e.207575--,Buena,derrotas,Regular,victorias,player2,False,False,False
9,-2,0.3898305084745763,40.0,-1,1.15,-35.0,23.0,0.0,0.66,1.04,0.84,0.0,1625.0,0.0,2,889.0,1976,60.0,12.0,0.47,1726,0.72,0.0,58.0,250,Harditf women: 12finisheddmitruk k.khomutsianskaya d.mansouri y.milovanovic e.207575--,Buena,derrotas,Regular,derrotas,player1,False,False,False
9,-1,0.5,55.0,1,1.05,-32.0,33.0,0.0,0.71,1.13,0.79,0.0,1335.0,0.0,2,845.0,2003,75.0,9.0,0.82,1882,0.77,63.6,65.0,121,Harditf women: 12finisheddmitruk k.khomutsianskaya d.mansouri y.milovanovic e.207575--,Excelente,victorias,Regular,derrotas,player1,False,False,False
3,-1,1.096774193548387,55.0,-1,1.03,10.0,102.0,0.0,0.71,1.13,0.0,0.0,596.0,0.0,3,631.0,1701,55.0,9.0,0.68,1885,0.71,42.9,92.0,-184,Harditf women: 12finisheddmitruk k.khomutsianskaya d.mansouri y.milovanovic e.207575--,Regular,derrotas,Regular,derrotas,player1,False,False,False
10,-2,0.6,40.0,-3,1.05,-27.0,42.0,0.0,0.66,1.04,0.96,0.0,1123.0,0.0,2,790.0,1832,45.0,12.0,0.65,1848,0.68,62.5,69.0,-16,Harditf women: 12finisheddmitruk k.khomutsianskaya d.mansouri y.milovanovic e.207575--,Regular,derrotas,Regular,derrotas,player2,False,False,False
6,-2,0.6704545454545454,45.0,-1,1.04,-28.0,59.0,0.0,0.68,1.03,0.77,0.0,878.0,0.0,2,665.0,1899,55.0,11.0,0.42,1787,0.71,50.0,87.0,112,Harditf women: 12finisheddmitruk k.khomutsianskaya d.mansouri y.milovanovic e.207575--,Regular,derrotas,Regular,derrotas,player1,False,False,False
1,5,1.5555555555555556,85.0,17,0.52,6.0,14.0,0.85,1.56,0.52,0.0,0.82,2507.0,0.1,3,3881.0,1716,90.0,3.0,0.3,1704,1.56,66.7,8.0,12,Clay,Excelente,victorias,Excelente,victorias,player2,True,False,False
1,5,1.5555555555555556,85.0,17,0.52,6.0,14.0,0.85,1.56,0.52,0.0,0.82,2507.0,0.1,3,3881.0,1716,90.0,3.0,0.3,1704,1.56,66.7,8.0,12,Clay,Excelente,victorias,Excelente,victorias,player2,True,False,False
1,5,1.5555555555555556,85.0,17,0.52,6.0,14.0,0.85,1.56,0.52,0.0,0.82,2507.0,0.1,3,3881.0,1716,90.0,3.0,0.3,1704,1.56,66.7,8.0,12,Clay,Excelente,victorias,Excelente,victorias,player2,True,False,False
1,5,1.5555555555555556,85.0,17,0.52,6.0,14.0,0.85,1.56,0.52,0.0,0.82,2507.0,0.1,3,3881.0,1716,90.0,3.0,0.3,1704,1.56,66.7,8.0,12,Clay,Excelente,victorias,Excelente,victorias,player2,True,False,False
1,5,1.5555555555555556,85.0,17,0.52,6.0,14.0,0.85,1.56,0.52,0.0,0.82,2507.0,0.1,3,3881.0,1716,90.0,3.0,0.3,1704,1.56,66.7,8.0,12,Clay,Excelente,victorias,Excelente,victorias,player2,True,False,False
1,5,1.5555555555555556,85.0,17,0.52,6.0,14.0,0.85,1.56,0.52,0.0,0.82,2507.0,0.1,3,3881.0,1716,90.0,3.0,0.3,1704,1.56,66.7,8.0,12,Clay,Excelente,victorias,Excelente,victorias,player2,True,False,False
1,8,0.23333333333333334,80.0,5,0.52,-68.0,21.0,0.77,1.56,0.51,0.0,0.78,1856.0,0.1,1,840.0,1584,60.0,4.0,0.3,1673,1.55,60.0,89.0,-89,Clay,Buena,victorias,Excelente,victorias,player2,True,False,False
1,8,0.23333333333333334,80.0,5,0.52,-68.0,21.0,0.77,1.56,0.51,0.0,0.78,1856.0,0.1,1,840.0,1584,60.0,4.0,0.3,1673,1.55,60.0,89.0,-89,Clay,Buena,victorias,Excelente,victorias,player2,True,False,False
1,8,0.23333333333333334,80.0,5,0.52,-68.0,21.0,0.77,1.56,0.51,0.0,0.78,1856.0,0.1,1,840.0,1584,60.0,4.0,0.3,1673,1.55,60.0,89.0,-89,Clay,Buena,victorias,Excelente,victorias,player2,True,False,False
1,8,0.23333333333333334,80.0,5,0.52,-68.0,21.0,0.77,1.56,0.51,0.0,0.78,1856.0,0.1,1,840.0,1584,60.0,4.0,0.3,1673,1.55,60.0,89.0,-89,Clay,Buena,victorias,Excelente,victorias,player2,True,False,False
1,8,0.23333333333333334,80.0,5,0.52,-68.0,21.0,0.77,1.56,0.51,0.0,0.78,1856.0,0.1,1,840.0,1584,60.0,4.0,0.3,1673,1.55,60.0,89.0,-89,Clay,Buena,victorias,Excelente,victorias,player2,True,False,False
1,8,0.23333333333333334,80.0,5,0.52,-68.0,21.0,0.77,1.56,0.51,0.0,0.78,1856.0,0.1,1,840.0,1584,60.0,4.0,0.3,1673,1.55,60.0,89.0,-89,Clay,Buena,victorias,Excelente,victorias,player2,True,False,False
1,5,1.5555555555555556,85.0,17,0.52,6.0,14.0,0.85,1.56,0.52,0.0,0.82,2507.0,0.1,3,3881.0,1716,90.0,3.0,0.3,1704,1.56,66.7,8.0,12,Clay,Excelente,victorias,Excelente,victorias,player2,True,False,False
1,5,1.5555555555555556,85.0,17,0.52,6.0,14.0,0.85,1.56,0.52,0.0,0.82,2507.0,0.1,3,3881.0,1716,90.0,3.0,0.3,1704,1.56,66.7,8.0,12,Clay,Excelente,victorias,Excelente,victorias,player2,True,False,False
1,5,1.5555555555555556,85.0,17,0.52,6.0,14.0,0.85,1.56,0.52,0.0,0.82,2507.0,0.1,3,3881.0,1716,90.0,3.0,0.3,1704,1.56,66.7,8.0,12,Clay,Excelente,victorias,Excelente,victorias,player2,True,False,False
1,5,1.5555555555555556,85.0,17,0.52,6.0,14.0,0.85,1.56,0.52,0.0,0.82,2507.0,0.1,3,3881.0,1716,90.0,3.0,0.3,1704,1.56,66.7,8.0,12,Clay,Excelente,victorias,Excelente,victorias,player2,True,False,False
1,5,1.5555555555555556,85.0,17,0.52,6.0,14.0,0.85,1.56,0.52,0.0,0.82,2507.0,0.1,3,3881.0,1716,90.0,3.0,0.3,1704,1.56,66.7,8.0,12,Clay,Excelente,victorias,Excelente,victorias,player2,True,False,False
1,5,1.5555555555555556,85.0,17,0.52,6.0,14.0,0.85,1.56,0.52,0.0,0.82,2507.0,0.1,3,3881.0,1716,90.0,3.0,0.3,1704,1.56,66.7,8.0,12,Clay,Excelente,victorias,Excelente,victorias,player2,True,False,False
1,8,0.23333333333333334,80.0,5,0.52,-68.0,21.0,0.77,1.56,0.51,0.0,0.78,1856.0,0.1,1,840.0,1584,60.0,4.0,0.3,1673,1.55,60.0,89.0,-89,Clay,Buena,victorias,Excelente,victorias,player2,True,False,False
1,8,0.23333333333333334,80.0,5,0.52,-68.0,21.0,0.77,1.56,0.51,0.0,0.78,1856.0,0.1,1,840.0,1584,60.0,4.0,0.3,1673,1.55,60.0,89.0,-89,Clay,Buena,victorias,Excelente,victorias,player2,True,False,False
1,8,0.23333333333333334,80.0,5,0.52,-68.0,21.0,0.77,1.56,0.51,0.0,0.78,1856.0,0.1,1,840.0,1584,60.0,4.0,0.3,1673,1.55,60.0,89.0,-89,Clay,Buena,victorias,Excelente,victorias,player2,True,False,False
1,8,0.23333333333333334,80.0,5,0.52,-68.0,21.0,0.77,1.56,0.51,0.0,0.78,1856.0,0.1,1,840.0,1584,60.0,4.0,0.3,1673,1.55,60.0,89.0,-89,Clay,Buena,victorias,Excelente,victorias,player2,True,False,False
1,8,0.23333333333333334,80.0,5,0.52,-68.0,21.0,0.77,1.56,0.51,0.0,0.78,1856.0,0.1,1,840.0,1584,60.0,4.0,0.3,1673,1.55,60.0,89.0,-89,Clay,Buena,victorias,Excelente,victorias,player2,True,False,False
1,8,0.23333333333333334,80.0,5,0.52,-68.0,21.0,0.77,1.56,0.51,0.0,0.78,1856.0,0.1,1,840.0,1584,60.0,4.0,0.3,1673,1.55,60.0,89.0,-89,Clay,Buena,victorias,Excelente,victorias,player2,True,False,False
9,5,1.5555555555555556,85.0,17,0.52,6.0,14.0,0.73,1.38,0.52,0.75,0.67,2507.0,0.1,3,3881.0,2064,90.0,3.0,0.0,2031,1.38,66.7,8.0,33,Clay,Excelente,victorias,Excelente,victorias,player2,True,False,False
9,5,1.5555555555555556,85.0,17,0.52,6.0,14.0,0.73,1.38,0.52,0.75,0.67,2507.0,0.1,3,3881.0,2064,90.0,3.0,0.0,2031,1.38,66.7,8.0,33,Clay,Excelente,victorias,Excelente,victorias,player2,True,False,False
9,5,1.5555555555555556,85.0,17,0.52,6.0,14.0,0.73,1.38,0.52,0.75,0.67,2507.0,0.1,3,3881.0,2064,90.0,3.0,0.0,2031,1.38,66.7,8.0,33,Clay,Excelente,victorias,Excelente,victorias,player2,True,False,False
9,5,1.5555555555555556,85.0,17,0.52,6.0,14.0,0.73,1.38,0.52,0.75,0.67,2507.0,0.1,3,3881.0,2064,90.0,3.0,0.0,2031,1.38,66.7,8.0,33,Clay,Excelente,victorias,Excelente,victorias,player2,True,False,False
9,5,1.5555555555555556,85.0,17,0.52,6.0,14.0,0.73,1.38,0.52,0.75,0.67,2507.0,0.1,3,3881.0,2064,90.0,3.0,0.0,2031,1.38,66.7,8.0,33,Clay,Excelente,victorias,Excelente,victorias,player2,True,False,False
9,5,1.5555555555555556,85.0,17,0.52,6.0,14.0,0.73,1.38,0.52,0.75,0.67,2507.0,0.1,3,3881.0,2064,90.0,3.0,0.0,2031,1.38,66.7,8.0,33,Clay,Excelente,victorias,Excelente,victorias,player2,True,False,False
3,8,0.23333333333333334,80.0,5,0.52,-68.0,21.0,0.64,1.53,0.51,0.0,0.52,1856.0,0.1,1,840.0,1935,60.0,4.0,0.52,1853,1.52,60.0,89.0,82,Clay,Buena,victorias,Excelente,victorias,player2,True,False,False
3,8,0.23333333333333334,80.0,5,0.52,-68.0,21.0,0.64,1.53,0.51,0.0,0.52,1856.0,0.1,1,840.0,1935,60.0,4.0,0.52,1853,1.52,60.0,89.0,82,Clay,Buena,victorias,Excelente,victorias,player2,True,False,False
3,8,0.23333333333333334,80.0,5,0.52,-68.0,21.0,0.64,1.53,0.51,0.0,0.52,1856.0,0.1,1,840.0,1935,60.0,4.0,0.52,1853,1.52,60.0,89.0,82,Clay,Buena,victorias,Excelente,victorias,player2,True,False,False
3,8,0.23333333333333334,80.0,5,0.52,-68.0,21.0,0.64,1.53,0.51,0.0,0.52,1856.0,0.1,1,840.0,1935,60.0,4.0,0.52,1853,1.52,60.0,89.0,82,Clay,Buena,victorias,Excelente,victorias,player2,True,False,False
3,8,0.23333333333333334,80.0,5,0.52,-68.0,21.0,0.64,1.53,0.51,0.0,0.52,1856.0,0.1,1,840.0,1935,60.0,4.0,0.52,1853,1.52,60.0,89.0,82,Clay,Buena,victorias,Excelente,victorias,player2,True,False,False
3,8,0.23333333333333334,80.0,5,0.52,-68.0,21.0,0.64,1.53,0.51,0.0,0.52,1856.0,0.1,1,840.0,1935,60.0,4.0,0.52,1853,1.52,60.0,89.0,82,Clay,Buena,victorias,Excelente,victorias,player2,True,False,False
9,5,1.5555555555555556,85.0,17,0.52,6.0,14.0,0.73,1.38,0.52,0.75,0.67,2507.0,0.1,3,3881.0,2064,90.0,3.0,0.0,2031,1.38,66.7,8.0,33,Clay,Excelente,victorias,Excelente,victorias,player2,True,False,False
9,5,1.5555555555555556,85.0,17,0.52,6.0,14.0,0.73,1.38,0.52,0.75,0.67,2507.0,0.1,3,3881.0,2064,90.0,3.0,0.0,2031,1.38,66.7,8.0,33,Clay,Excelente,victorias,Excelente,victorias,player2,True,False,False
9,5,1.5555555555555556,85.0,17,0.52,6.0,14.0,0.73,1.38,0.52,0.75,0.67,2507.0,0.1,3,3881.0,2064,90.0,3.0,0.0,2031,1.38,66.7,8.0,33,Clay,Excelente,victorias,Excelente,victorias,player2,True,False,False
9,5,1.5555555555555556,85.0,17,0.52,6.0,14.0,0.73,1.38,0.52,0.75,0.67,2507.0,0.1,3,3881.0,2064,90.0,3.0,0.0,2031,1.38,66.7,8.0,33,Clay,Excelente,victorias,Excelente,victorias,player2,True,False,False
9,5,1.5555555555555556,85.0,17,0.52,6.0,14.0,0.73,1.38,0.52,0.75,0.67,2507.0,0.1,3,3881.0,2064,90.0,3.0,0.0,2031,1.38,66.7,8.0,33,Clay,Excelente,victorias,Excelente,victorias,player2,True,False,False
9,5,1.5555555555555556,85.0,17,0.52,6.0,14.0,0.73,1.38,0.52,0.75,0.67,2507.0,0.1,3,3881.0,2064,90.0,3.0,0.0,2031,1.38,66.7,8.0,33,Clay,Excelente,victorias,Excelente,victorias,player2,True,False,False
3,8,0.23333333333333334,80.0,5,0.52,-68.0,21.0,0.64,1.53,0.51,0.0,0.52,1856.0,0.1,1,840.0,1935,60.0,4.0,0.52,1853,1.52,60.0,89.0,82,Clay,Buena,victorias,Excelente,victorias,player2,True,False,False
3,8,0.23333333333333334,80.0,5,0.52,-68.0,21.0,0.64,1.53,0.51,0.0,0.52,1856.0,0.1,1,840.0,1935,60.0,4.0,0.52,1853,1.52,60.0,89.0,82,Clay,Buena,victorias,Excelente,victorias,player2,True,False,False
3,8,0.23333333333333334,80.0,5,0.52,-68.0,21.0,0.64,1.53,0.51,0.0,0.52,1856.0,0.1,1,840.0,1935,60.0,4.0,0.52,1853,1.52,60.0,89.0,82,Clay,Buena,victorias,Excelente,victorias,player2,True,False,False
3,8,0.23333333333333334,80.0,5,0.52,-68.0,21.0,0.64,1.53,0.51,0.0,0.52,1856.0,0.1,1,840.0,1935,60.0,4.0,0.52,1853,1.52,60.0,89.0,82,Clay,Buena,victorias,Excelente,victorias,player2,True,False,False
3,8,0.23333333333333334,80.0,5,0.52,-68.0,21.0,0.64,1.53,0.51,0.0,0.52,1856.0,0.1,1,840.0,1935,60.0,4.0,0.52,1853,1.52,60.0,89.0,82,Clay,Buena,victorias,Excelente,victorias,player2,True,False,False
3,8,0.23333333333333334,80.0,5,0.52,-68.0,21.0,0.64,1.53,0.51,0.0,0.52,1856.0,0.1,1,840.0,1935,60.0,4.0,0.52,1853,1.52,60.0,89.0,82,Clay,Buena,victorias,Excelente,victorias,player2,True,False,False
1,1,2.8607594936708862,45.0,1,0.99,148.0,226.0,0.0,1.54,1.03,-0.0,0.0,256.0,0.23,0,747.0,1717,60.0,11.0,-0.0,1742,1.62,33.3,78.0,-25,Grass,Buena,victorias,Regular,victorias,player2,False,True,False
1,1,2.8607594936708862,45.0,1,0.99,148.0,226.0,0.0,1.54,1.03,-0.0,0.0,256.0,0.23,0,747.0,1717,60.0,11.0,-0.0,1742,1.62,33.3,78.0,-25,Grass,Buena,victorias,Regular,victorias,player2,False,True,False
9,3,0.5621621621621622,55.0,1,1.03,-80.0,104.0,0.0,1.59,1.0,0.04,0.49,596.0,0.27,1,315.0,1680,55.0,9.0,0.05,1659,1.48,58.3,184.0,21,Grass,Regular,victorias,Regular,victorias,player1,False,True,False
9,3,0.5621621621621622,55.0,1,1.03,-80.0,104.0,0.0,1.59,1.0,0.04,0.49,596.0,0.27,1,315.0,1680,55.0,9.0,0.05,1659,1.48,58.3,184.0,21,Grass,Regular,victorias,Regular,victorias,player1,False,True,False
1,3,0.29916897506925205,70.0,1,1.03,-252.0,108.0,0.0,1.72,0.97,-0.0,0.49,579.0,0.27,0,137.0,1700,50.0,6.0,-0.0,1692,1.57,100.0,360.0,8,Grass,Regular,victorias,Buena,victorias,player2,False,True,False
1,3,0.29916897506925205,70.0,1,1.03,-252.0,108.0,0.0,1.72,0.97,-0.0,0.49,579.0,0.27,0,137.0,1700,50.0,6.0,-0.0,1692,1.57,100.0,360.0,8,Grass,Regular,victorias,Buena,victorias,player2,False,True,False
5,1,0.8734939759036144,65.0,1,1.01,-20.0,145.0,0.0,1.62,1.01,0.0,0.0,408.0,0.27,2,348.0,1541,30.0,7.0,0.04,1706,1.36,40.0,165.0,-165,Grass,Mala,victorias,Buena,victorias,player2,False,True,False
5,1,0.8734939759036144,65.0,1,1.01,-20.0,145.0,0.0,1.62,1.01,0.0,0.0,408.0,0.27,2,348.0,1541,30.0,7.0,0.04,1706,1.36,40.0,165.0,-165,Grass,Mala,victorias,Buena,victorias,player2,False,True,False
7,1,1.169811320754717,55.0,1,1.02,19.0,124.0,0.0,1.57,1.03,0.0,0.0,504.0,0.27,2,590.0,1635,40.0,9.0,0.03,1750,1.44,50.0,105.0,-115,Grass,Regular,victorias,Regular,victorias,player2,False,True,False
7,1,1.169811320754717,55.0,1,1.02,19.0,124.0,0.0,1.57,1.03,0.0,0.0,504.0,0.27,2,590.0,1635,40.0,9.0,0.03,1750,1.44,50.0,105.0,-115,Grass,Regular,victorias,Regular,victorias,player2,False,True,False
5,1,1.77,25.0,1,1.0,78.0,177.0,0.0,1.36,1.03,0.02,0.0,329.0,0.27,1,626.0,1688,50.0,15.0,0.02,1629,1.5,20.0,99.0,59,Grass,Regular,victorias,Mala,victorias,player1,False,True,False
5,1,1.77,25.0,1,1.0,78.0,177.0,0.0,1.36,1.03,0.02,0.0,329.0,0.27,1,626.0,1688,50.0,15.0,0.02,1629,1.5,20.0,99.0,59,Grass,Regular,victorias,Mala,victorias,player1,False,True,False
5,1,1.083916083916084,60.0,1,1.01,13.0,155.0,0.0,1.57,1.01,0.0,0.0,385.0,0.26,2,412.0,1675,50.0,8.0,0.04,1736,1.52,75.0,142.0,-61,Grass,Regular,victorias,Buena,victorias,player2,False,True,False
5,1,1.083916083916084,60.0,1,1.01,13.0,155.0,0.0,1.57,1.01,0.0,0.0,385.0,0.26,2,412.0,1675,50.0,8.0,0.04,1736,1.52,75.0,142.0,-61,Grass,Regular,victorias,Buena,victorias,player2,False,True,False
3,1,1.4903225806451612,60.0,1,0.99,77.0,231.0,0.0,1.64,1.01,0.0,0.0,250.0,0.18,1,386.0,1680,65.0,8.0,0.0,1668,1.62,75.0,154.0,12,Grass,Buena,victorias,Buena,victorias,player2,False,True,False
3,1,1.4903225806451612,60.0,1,0.99,77.0,231.0,0.0,1.64,1.01,0.0,0.0,250.0,0.18,1,386.0,1680,65.0,8.0,0.0,1668,1.62,75.0,154.0,12,Grass,Buena,victorias,Buena,victorias,player2,False,True,False
3,1,2.088888888888889,55.0,1,0.99,148.0,282.0,0.24,1.55,1.02,0.02,0.0,243.0,0.27,0,563.0,1699,55.0,9.0,0.02,1749,1.55,81.8,134.0,-50,Grass,Regular,victorias,Regular,victorias,player1,False,True,False
3,1,2.088888888888889,55.0,1,0.99,148.0,282.0,0.24,1.55,1.02,0.02,0.0,243.0,0.27,0,563.0,1699,55.0,9.0,0.02,1749,1.55,81.8,134.0,-50,Grass,Regular,victorias,Regular,victorias,player1,False,True,False
1,10,0.54,65.0,-4,1.03,-91.0,108.0,0.59,1.88,1.01,-0.0,0.0,724.0,0.27,1,366.0,1670,40.0,7.0,-0.0,1734,1.4,25.0,199.0,-64,Grass,Regular,derrotas,Buena,victorias,player2,False,True,False
1,10,0.54,65.0,-4,1.03,-91.0,108.0,0.59,1.88,1.01,-0.0,0.0,724.0,0.27,1,366.0,1670,40.0,7.0,-0.0,1734,1.4,25.0,199.0,-64,Grass,Regular,derrotas,Buena,victorias,player2,False,True,False
5,1,3.289473684210526,50.0,3,1.03,88.0,125.0,0.35,1.5,1.05,0.03,0.0,633.0,0.27,1,1301.0,1703,60.0,10.0,0.03,1745,1.66,71.4,37.0,-42,Grass,Buena,victorias,Regular,victorias,player1,False,True,False
5,1,3.289473684210526,50.0,3,1.03,88.0,125.0,0.35,1.5,1.05,0.03,0.0,633.0,0.27,1,1301.0,1703,60.0,10.0,0.03,1745,1.66,71.4,37.0,-42,Grass,Buena,victorias,Regular,victorias,player1,False,True,False
1,10,0.4620938628158845,90.0,-2,1.03,-148.0,128.0,0.0,1.88,0.99,-0.0,0.0,611.0,0.27,0,250.0,1723,60.0,2.0,-0.0,1806,1.56,70.0,276.0,-83,Grass,Buena,derrotas,Excelente,victorias,player1,False,True,False
1,10,0.4620938628158845,90.0,-2,1.03,-148.0,128.0,0.0,1.88,0.99,-0.0,0.0,611.0,0.27,0,250.0,1723,60.0,2.0,-0.0,1806,1.56,70.0,276.0,-83,Grass,Buena,derrotas,Excelente,victorias,player1,False,True,False
5,1,0.26717557251908397,65.0,1,1.05,-95.0,35.0,0.0,1.59,1.03,0.0,0.0,1340.0,0.27,1,591.0,1831,55.0,7.0,0.0,1744,1.59,50.0,130.0,87,Grass,Regular,victorias,Buena,victorias,player1,False,True,False
5,1,0.26717557251908397,65.0,1,1.05,-95.0,35.0,0.0,1.59,1.03,0.0,0.0,1340.0,0.27,1,591.0,1831,55.0,7.0,0.0,1744,1.59,50.0,130.0,87,Grass,Regular,victorias,Buena,victorias,player1,False,True,False
1,1,1.5724637681159421,70.0,1,1.01,80.0,217.0,0.41,1.67,1.02,-0.0,0.0,334.0,0.27,1,551.0,1696,65.0,6.0,-0.0,1743,1.64,76.2,137.0,-47,Grass,Buena,victorias,Buena,victorias,player2,False,True,False
1,1,1.5724637681159421,70.0,1,1.01,80.0,217.0,0.41,1.67,1.02,-0.0,0.0,334.0,0.27,1,551.0,1696,65.0,6.0,-0.0,1743,1.64,76.2,137.0,-47,Grass,Buena,victorias,Buena,victorias,player2,False,True,False
1,1,1.1768707482993197,75.0,3,1.01,27.0,173.0,0.49,1.77,0.97,-0.0,0.0,428.0,0.27,2,524.0,1766,65.0,5.0,-0.0,1767,1.74,78.3,146.0,-1,Grass,Buena,victorias,Excelente,victorias,player1,False,True,False
1,1,1.1768707482993197,75.0,3,1.01,27.0,173.0,0.49,1.77,0.97,-0.0,0.0,428.0,0.27,2,524.0,1766,65.0,5.0,-0.0,1767,1.74,78.3,146.0,-1,Grass,Buena,victorias,Excelente,victorias,player1,False,True,False
5,3,0.3422818791946309,60.0,1,1.05,-97.0,51.0,0.0,1.64,1.02,0.02,0.46,1111.0,0.27,1,497.0,1636,35.0,8.0,0.0,1763,1.43,66.7,148.0,-127,Grass,Mala,victorias,Buena,victorias,player2,False,True,False
5,3,0.3422818791946309,60.0,1,1.05,-97.0,51.0,0.0,1.64,1.02,0.02,0.46,1111.0,0.27,1,497.0,1636,35.0,8.0,0.0,1763,1.43,66.7,148.0,-127,Grass,Mala,victorias,Buena,victorias,player2,False,True,False
7,1,0.3127962085308057,45.0,1,1.04,-144.0,66.0,0.0,1.45,1.01,0.07,0.41,980.0,0.27,0,348.0,1772,55.0,11.0,0.04,1618,1.5,60.0,210.0,154,Grass,Regular,victorias,Regular,victorias,player1,False,True,False
7,1,0.3127962085308057,45.0,1,1.04,-144.0,66.0,0.0,1.45,1.01,0.07,0.41,980.0,0.27,0,348.0,1772,55.0,11.0,0.04,1618,1.5,60.0,210.0,154,Grass,Regular,victorias,Regular,victorias,player1,False,True,False
6,3,0.8875,80.0,3,0.93,-71.0,568.0,0.44,1.42,0.92,0.17,0.42,69.0,0.0,1,55.0,1749,90.0,4.0,0.17,1707,1.49,0.0,639.0,42,Hard,Excelente,victorias,Excelente,victorias,player2,False,False,True
6,3,0.8875,80.0,3,0.93,-71.0,568.0,0.44,1.42,0.92,0.17,0.42,69.0,0.0,1,55.0,1749,90.0,4.0,0.17,1707,1.49,0.0,639.0,42,Hard,Excelente,victorias,Excelente,victorias,player2,False,False,True
2,1,1.551487414187643,55.0,3,0.91,242.0,678.0,0.36,1.35,1.05,0.0,0.41,49.0,0.19,0,107.0,1592,50.0,9.0,0.13,1664,1.39,25.0,436.0,-72,Hard,Regular,victorias,Regular,victorias,player1,False,False,True
2,1,1.551487414187643,55.0,3,0.91,242.0,678.0,0.36,1.35,1.05,0.0,0.41,49.0,0.19,0,107.0,1592,50.0,9.0,0.13,1664,1.39,25.0,436.0,-72,Hard,Regular,victorias,Regular,victorias,player1,False,False,True
3,6,0.7648648648648648,70.0,1,0.98,-86.0,283.0,0.41,1.55,1.06,0.0,0.4,188.0,0.23,1,133.0,1594,50.0,6.0,0.0,1720,1.27,53.8,369.0,-126,Hard,Regular,victorias,Buena,victorias,player2,False,False,True
3,6,0.7648648648648648,70.0,1,0.98,-86.0,283.0,0.41,1.55,1.06,0.0,0.4,188.0,0.23,1,133.0,1594,50.0,6.0,0.0,1720,1.27,53.8,369.0,-126,Hard,Regular,victorias,Buena,victorias,player2,False,False,True
2,1,1.5422077922077921,70.0,1,1.05,168.0,475.0,0.4,1.4,1.07,0.0,0.44,96.0,0.09,0,169.0,1685,65.0,6.0,0.09,1712,1.39,80.0,307.0,-27,Hard,Buena,victorias,Buena,victorias,player2,False,False,True
2,1,1.5422077922077921,70.0,1,1.05,168.0,475.0,0.4,1.4,1.07,0.0,0.44,96.0,0.09,0,169.0,1685,65.0,6.0,0.09,1712,1.39,80.0,307.0,-27,Hard,Buena,victorias,Buena,victorias,player2,False,False,True
7,1,0.533678756476684,50.0,1,0.67,-89.0,103.0,0.48,1.23,0.65,0.33,0.51,600.0,0.27,1,301.0,1685,55.0,10.0,0.23,1658,1.34,25.0,192.0,27,Clay,Regular,victorias,Regular,victorias,player2,True,False,False
7,1,0.533678756476684,50.0,1,0.67,-89.0,103.0,0.48,1.23,0.65,0.33,0.51,600.0,0.27,1,301.0,1685,55.0,10.0,0.23,1658,1.34,25.0,192.0,27,Clay,Regular,victorias,Regular,victorias,player2,True,False,False
2,1,1.4175257731958764,55.0,1,0.7,82.0,275.0,0.53,1.33,0.65,0.22,0.48,192.0,0.25,1,299.0,1712,55.0,9.0,0.0,1614,1.33,66.7,193.0,98,Clay,Regular,victorias,Regular,victorias,player1,True,False,False
2,1,1.4175257731958764,55.0,1,0.7,82.0,275.0,0.53,1.33,0.65,0.22,0.48,192.0,0.25,1,299.0,1712,55.0,9.0,0.0,1614,1.33,66.7,193.0,98,Clay,Regular,victorias,Regular,victorias,player1,True,False,False
2,1,0.3793103448275862,55.0,1,0.67,-125.0,77.0,0.57,1.33,0.71,0.0,0.47,756.0,0.27,0,279.0,1714,60.0,9.0,0.0,1647,1.35,50.0,202.0,67,Clay,Buena,victorias,Regular,victorias,player1,True,False,False
2,1,0.3793103448275862,55.0,1,0.67,-125.0,77.0,0.57,1.33,0.71,0.0,0.47,756.0,0.27,0,279.0,1714,60.0,9.0,0.0,1647,1.35,50.0,202.0,67,Clay,Buena,victorias,Regular,victorias,player1,True,False,False
1,3,1.3879093198992443,60.0,1,0.61,155.0,551.0,0.45,1.44,0.63,0.0,0.46,73.0,0.21,0,122.0,1675,55.0,8.0,0.2,1670,1.32,66.7,396.0,5,Clay,Regular,victorias,Buena,victorias,player2,True,False,False
1,3,1.3879093198992443,60.0,1,0.61,155.0,551.0,0.45,1.44,0.63,0.0,0.46,73.0,0.21,0,122.0,1675,55.0,8.0,0.2,1670,1.32,66.7,396.0,5,Clay,Regular,victorias,Buena,victorias,player2,True,False,False
4,3,1.6034063260340632,75.0,1,0.6,249.0,659.0,0.39,1.48,0.62,0.0,0.52,52.0,0.2,0,116.0,1571,50.0,5.0,0.38,1726,1.29,66.7,410.0,-155,Clay,Regular,victorias,Excelente,victorias,player1,True,False,False
4,3,1.6034063260340632,75.0,1,0.6,249.0,659.0,0.39,1.48,0.62,0.0,0.52,52.0,0.2,0,116.0,1571,50.0,5.0,0.38,1726,1.29,66.7,410.0,-155,Clay,Regular,victorias,Excelente,victorias,player1,True,False,False
5,1,1.042857142857143,45.0,1,0.66,7.0,146.0,0.5,1.24,0.66,0.39,0.5,406.0,0.27,3,436.0,1694,60.0,11.0,0.0,1662,1.31,50.0,139.0,32,Clay,Buena,victorias,Regular,victorias,player1,True,False,False
5,1,1.042857142857143,45.0,1,0.66,7.0,146.0,0.5,1.24,0.66,0.39,0.5,406.0,0.27,3,436.0,1694,60.0,11.0,0.0,1662,1.31,50.0,139.0,32,Clay,Buena,victorias,Regular,victorias,player1,True,False,False
6,1,0.5897435897435898,50.0,1,0.67,-79.0,115.0,0.55,1.24,0.65,0.4,0.52,547.0,0.27,1,298.0,1766,60.0,10.0,0.0,1631,1.33,40.0,194.0,135,Clay,Buena,victorias,Regular,victorias,player1,True,False,False
6,1,0.5897435897435898,50.0,1,0.67,-79.0,115.0,0.55,1.24,0.65,0.4,0.52,547.0,0.27,1,298.0,1766,60.0,10.0,0.0,1631,1.33,40.0,194.0,135,Clay,Buena,victorias,Regular,victorias,player1,True,False,False
2,1,0.8112244897959183,50.0,1,0.72,-36.0,159.0,0.45,1.31,0.71,0.0,0.41,370.0,0.27,2,293.0,1650,55.0,10.0,0.0,1634,1.33,50.0,195.0,16,Clay,Regular,victorias,Regular,victorias,player2,True,False,False
2,1,0.8112244897959183,50.0,1,0.72,-36.0,159.0,0.45,1.31,0.71,0.0,0.41,370.0,0.27,2,293.0,1650,55.0,10.0,0.0,1634,1.33,50.0,195.0,16,Clay,Regular,victorias,Regular,victorias,player2,True,False,False
3,1,3.6031746031746033,50.0,1,0.65,165.0,227.0,0.46,1.29,0.68,0.49,0.66,252.0,0.27,0,856.0,1638,55.0,10.0,0.26,1787,1.31,33.3,62.0,-149,Clay,Regular,victorias,Regular,victorias,player1,True,False,False
3,1,3.6031746031746033,50.0,1,0.65,165.0,227.0,0.46,1.29,0.68,0.49,0.66,252.0,0.27,0,856.0,1638,55.0,10.0,0.26,1787,1.31,33.3,62.0,-149,Clay,Regular,victorias,Regular,victorias,player1,True,False,False
4,3,0.23413566739606126,60.0,1,0.67,-349.0,107.0,0.67,1.4,0.62,0.23,0.38,579.0,0.27,0,101.0,1811,75.0,8.0,0.0,1637,1.36,57.1,456.0,174,Clay,Excelente,victorias,Buena,victorias,player1,True,False,False
4,3,0.23413566739606126,60.0,1,0.67,-349.0,107.0,0.67,1.4,0.62,0.23,0.38,579.0,0.27,0,101.0,1811,75.0,8.0,0.0,1637,1.36,57.1,456.0,174,Clay,Excelente,victorias,Buena,victorias,player1,True,False,False
5,1,3.0485436893203883,40.0,3,0.69,212.0,314.0,0.48,1.19,0.67,0.44,0.52,165.0,0.25,0,604.0,1657,70.0,12.0,0.0,1657,1.37,28.6,102.0,0,Clay,Buena,victorias,Regular,victorias,player1,True,False,False
5,1,3.0485436893203883,40.0,3,0.69,212.0,314.0,0.48,1.19,0.67,0.44,0.52,165.0,0.25,0,604.0,1657,70.0,12.0,0.0,1657,1.37,28.6,102.0,0,Clay,Buena,victorias,Regular,victorias,player1,True,False,False
3,1,0.6965699208443272,45.0,1,0.7,-114.0,264.0,0.49,1.26,0.63,0.22,0.47,199.0,0.2,0,128.0,1676,60.0,11.0,0.0,1591,1.33,50.0,378.0,85,Clay,Buena,victorias,Regular,victorias,player1,True,False,False
3,1,0.6965699208443272,45.0,1,0.7,-114.0,264.0,0.49,1.26,0.63,0.22,0.47,199.0,0.2,0,128.0,1676,60.0,11.0,0.0,1591,1.33,50.0,378.0,85,Clay,Buena,victorias,Regular,victorias,player1,True,False,False
1,1,0.7076923076923077,65.0,1,0.99,-94.0,230.0,0.35,1.43,1.07,0.0,0.4,251.0,0.26,1,159.0,1693,60.0,7.0,0.1,1699,1.37,40.0,324.0,-6,Hard,Buena,victorias,Buena,victorias,player2,False,False,True
1,1,0.7076923076923077,65.0,1,0.99,-94.0,230.0,0.35,1.43,1.07,0.0,0.4,251.0,0.26,1,159.0,1693,60.0,7.0,0.1,1699,1.37,40.0,324.0,-6,Hard,Buena,victorias,Buena,victorias,player2,False,False,True
4,1,1.1791907514450868,70.0,1,0.66,32.0,204.0,0.57,1.37,0.66,0.0,0.0,357.0,0.27,2,431.0,1620,40.0,6.0,0.28,1750,1.24,66.7,172.0,-130,Clay,Regular,victorias,Buena,victorias,player1,True,False,False
4,1,1.1791907514450868,70.0,1,0.66,32.0,204.0,0.57,1.37,0.66,0.0,0.0,357.0,0.27,2,431.0,1620,40.0,6.0,0.28,1750,1.24,66.7,172.0,-130,Clay,Regular,victorias,Buena,victorias,player1,True,False,False
1,2,0.2413793103448276,60.0,1,0.66,-571.0,182.0,0.46,1.39,0.59,0.0,0.49,407.0,0.26,0,48.0,1653,60.0,8.0,0.0,1630,1.36,50.0,753.0,23,Clay,Buena,victorias,Buena,victorias,player1,True,False,False
1,2,0.2413793103448276,60.0,1,0.66,-571.0,182.0,0.46,1.39,0.59,0.0,0.49,407.0,0.26,0,48.0,1653,60.0,8.0,0.0,1630,1.36,50.0,753.0,23,Clay,Buena,victorias,Buena,victorias,player1,True,False,False
4,1,7.104026845637584,65.0,1,0.35,1820.0,2117.0,0.57,1.32,0.64,0.48,0.61,1.0,0.27,0,228.0,1718,55.0,7.0,0.26,1688,1.32,61.5,297.0,30,Clay,Regular,victorias,Buena,victorias,player2,True,False,False
4,1,7.104026845637584,65.0,1,0.35,1820.0,2117.0,0.57,1.32,0.64,0.48,0.61,1.0,0.27,0,228.0,1718,55.0,7.0,0.26,1688,1.32,61.5,297.0,30,Clay,Regular,victorias,Buena,victorias,player2,True,False,False
1,1,3.1847133757961785,45.0,1,0.59,344.0,500.0,0.56,1.31,0.66,0.24,0.41,108.0,0.25,0,478.0,1643,60.0,11.0,0.0,1621,1.34,28.6,156.0,22,Clay,Buena,victorias,Regular,victorias,player2,True,False,False
1,1,3.1847133757961785,45.0,1,0.59,344.0,500.0,0.56,1.31,0.66,0.24,0.41,108.0,0.25,0,478.0,1643,60.0,11.0,0.0,1621,1.34,28.6,156.0,22,Clay,Buena,victorias,Regular,victorias,player2,True,False,False
1,-10,2.581818181818182,35.0,-1,0.66,88.0,142.0,0.51,1.14,0.68,0.0,0.0,533.0,0.27,1,1082.0,1683,65.0,13.0,0.27,1674,1.39,61.5,54.0,9,Clay,Buena,derrotas,Mala,derrotas,player2,True,False,False
1,-10,2.581818181818182,35.0,-1,0.66,88.0,142.0,0.51,1.14,0.68,0.0,0.0,533.0,0.27,1,1082.0,1683,65.0,13.0,0.27,1674,1.39,61.5,54.0,9,Clay,Buena,derrotas,Mala,derrotas,player2,True,False,False
4,1,0.6363636363636364,60.0,-1,0.68,-27.0,49.0,0.55,1.31,0.67,0.29,0.57,1115.0,0.27,2,762.0,1741,55.0,8.0,0.0,1708,1.29,73.3,76.0,33,Clay,Regular,derrotas,Buena,victorias,player1,True,False,False
4,1,0.6363636363636364,60.0,-1,0.68,-27.0,49.0,0.55,1.31,0.67,0.29,0.57,1115.0,0.27,2,762.0,1741,55.0,8.0,0.0,1708,1.29,73.3,76.0,33,Clay,Regular,derrotas,Buena,victorias,player1,True,False,False
5,-2,0.6283524904214559,55.0,-1,0.63,-96.0,164.0,0.53,1.24,0.65,0.29,0.46,461.0,0.27,1,267.0,1651,45.0,9.0,0.0,1616,1.23,50.0,260.0,35,Clay,Regular,derrotas,Regular,derrotas,player1,True,False,False
5,-2,0.6283524904214559,55.0,-1,0.63,-96.0,164.0,0.53,1.24,0.65,0.29,0.46,461.0,0.27,1,267.0,1651,45.0,9.0,0.0,1616,1.23,50.0,260.0,35,Clay,Regular,derrotas,Regular,derrotas,player1,True,False,False
3,1,0.7201365187713311,45.0,-4,0.65,-81.0,211.0,0.37,1.28,0.64,0.33,0.47,345.0,0.27,1,234.0,1643,50.0,11.0,0.24,1615,1.23,80.0,292.0,28,Clay,Regular,derrotas,Regular,victorias,player2,True,False,False
3,1,0.7201365187713311,45.0,-4,0.65,-81.0,211.0,0.37,1.28,0.64,0.33,0.47,345.0,0.27,1,234.0,1643,50.0,11.0,0.24,1615,1.23,80.0,292.0,28,Clay,Regular,derrotas,Regular,victorias,player2,True,False,False
3,-1,3.9304347826086956,50.0,-1,0.63,338.0,452.0,0.5,1.26,0.67,0.0,0.58,127.0,0.25,0,694.0,1623,60.0,10.0,0.0,1684,1.31,0.0,114.0,-61,Clay,Buena,derrotas,Regular,derrotas,player2,True,False,False
3,-1,3.9304347826086956,50.0,-1,0.63,338.0,452.0,0.5,1.26,0.67,0.0,0.58,127.0,0.25,0,694.0,1623,60.0,10.0,0.0,1684,1.31,0.0,114.0,-61,Clay,Buena,derrotas,Regular,derrotas,player2,True,False,False
1,1,1.145933014354067,40.0,-1,0.62,62.0,479.0,0.43,1.27,0.63,0.0,0.42,115.0,0.27,1,139.0,1660,50.0,12.0,0.0,1575,1.28,63.6,417.0,85,Clay,Regular,derrotas,Regular,victorias,player2,True,False,False
1,1,1.145933014354067,40.0,-1,0.62,62.0,479.0,0.43,1.27,0.63,0.0,0.42,115.0,0.27,1,139.0,1660,50.0,12.0,0.0,1575,1.28,63.6,417.0,85,Clay,Regular,derrotas,Regular,victorias,player2,True,False,False
4,1,0.47478991596638653,65.0,-1,0.67,-124.0,113.0,0.54,1.4,0.65,0.0,0.58,697.0,0.27,0,301.0,1777,65.0,7.0,0.0,1725,1.37,16.7,237.0,52,Clay,Buena,derrotas,Buena,victorias,player1,True,False,False
4,1,0.47478991596638653,65.0,-1,0.67,-124.0,113.0,0.54,1.4,0.65,0.0,0.58,697.0,0.27,0,301.0,1777,65.0,7.0,0.0,1725,1.37,16.7,237.0,52,Clay,Buena,derrotas,Buena,victorias,player1,True,False,False
4,1,2.8482142857142856,50.0,1,0.64,208.0,319.0,0.43,1.28,0.67,0.03,0.46,202.0,0.27,0,699.0,1643,55.0,10.0,0.22,1663,1.3,33.3,111.0,-20,Clay,Regular,victorias,Regular,victorias,player1,True,False,False
4,1,2.8482142857142856,50.0,1,0.64,208.0,319.0,0.43,1.28,0.67,0.03,0.46,202.0,0.27,0,699.0,1643,55.0,10.0,0.22,1663,1.3,33.3,111.0,-20,Clay,Regular,victorias,Regular,victorias,player1,True,False,False
8,1,0.6428571428571429,65.0,1,0.68,-49.0,90.0,0.54,1.34,0.63,0.44,0.67,836.0,0.27,2,546.0,1732,50.0,7.0,0.31,1755,1.24,75.0,139.0,-23,Clay,Regular,victorias,Buena,victorias,player2,True,False,False
8,1,0.6428571428571429,65.0,1,0.68,-49.0,90.0,0.54,1.34,0.63,0.44,0.67,836.0,0.27,2,546.0,1732,50.0,7.0,0.31,1755,1.24,75.0,139.0,-23,Clay,Regular,victorias,Buena,victorias,player2,True,False,False
4,1,1.6233766233766234,70.0,1,0.65,97.0,250.0,0.56,1.37,0.66,0.0,0.62,281.0,0.27,1,492.0,1689,60.0,6.0,0.28,1783,1.34,63.6,153.0,-94,Clay,Buena,victorias,Buena,victorias,player2,True,False,False
4,1,1.6233766233766234,70.0,1,0.65,97.0,250.0,0.56,1.37,0.66,0.0,0.62,281.0,0.27,1,492.0,1689,60.0,6.0,0.28,1783,1.34,63.6,153.0,-94,Clay,Buena,victorias,Buena,victorias,player2,True,False,False
2,-6,0.3516819571865443,20.0,-1,0.95,-847.0,460.0,0.42,1.02,0.75,0.0,0.22,100.0,0.0,0,7.0,1659,55.0,16.0,0.09,1410,1.34,42.9,1307.0,249,Hard,Regular,derrotas,Mala,derrotas,player1,False,False,True
2,-6,0.3516819571865443,20.0,-1,0.95,-847.0,460.0,0.42,1.02,0.75,0.0,0.22,100.0,0.0,0,7.0,1659,55.0,16.0,0.09,1410,1.34,42.9,1307.0,249,Hard,Regular,derrotas,Mala,derrotas,player1,False,False,True
0,-7,1.3463114073145548,12.5,-4,0.63,324.5620457410544,1856.0,0.11,0.95,0.0,0.0,0.0,2.0,0.0,0,4.795494208614071,1380,20.0,7.0,0.0,1443,1.04,23.610156318735616,1563.5280631686012,-63,Hard,Mala,derrotas,Mala,derrotas,player1,False,False,True
0,-7,1.3463114073145548,12.5,-4,0.63,324.5620457410544,1856.0,0.11,0.95,0.0,0.0,0.0,2.0,0.0,0,4.795494208614071,1380,20.0,7.0,0.0,1443,1.04,23.610156318735616,1563.5280631686012,-63,Hard,Mala,derrotas,Mala,derrotas,player1,False,False,True
1,1,1.0740055504162813,35.0,1,0.81,81.0,1161.0,0.35,1.25,0.83,0.0,0.29,11.0,0.25,1,14.0,1512,30.0,13.0,0.0,1508,1.22,33.3,1080.0,4,Hard,Mala,victorias,Mala,victorias,player2,False,False,True
1,1,1.0740055504162813,35.0,1,0.81,81.0,1161.0,0.35,1.25,0.83,0.0,0.29,11.0,0.25,1,14.0,1512,30.0,13.0,0.0,1508,1.22,33.3,1080.0,4,Hard,Mala,victorias,Mala,victorias,player2,False,False,True
0,-2,1.5004524886877828,40.0,-1,0.67,554.0,1658.0,0.23,1.25,0.82,0.0,0.25,3.0,0.0,0,13.0,1454,21.4,12.0,0.0,1486,1.08,25.0,1104.0,-32,Hard,Mala,derrotas,Regular,derrotas,player2,False,False,True
0,-2,1.5004524886877828,40.0,-1,0.67,554.0,1658.0,0.23,1.25,0.82,0.0,0.25,3.0,0.0,0,13.0,1454,21.4,12.0,0.0,1486,1.08,25.0,1104.0,-32,Hard,Mala,derrotas,Regular,derrotas,player2,False,False,True
1,1,3.9203703703703705,55.0,1,0.54,1578.0,2117.0,0.15,1.37,0.94,0.0,0.37,1.0,0.2,0,77.0,1438,16.7,9.0,0.0,1609,1.1,40.0,539.0,-171,Hard,Mala,victorias,Regular,victorias,player2,False,False,True
1,1,3.9203703703703705,55.0,1,0.54,1578.0,2117.0,0.15,1.37,0.94,0.0,0.37,1.0,0.2,0,77.0,1438,16.7,9.0,0.0,1609,1.1,40.0,539.0,-171,Hard,Mala,victorias,Regular,victorias,player2,False,False,True
3,1,0.9211356466876972,55.0,1,0.52,-74.0,876.0,0.0,1.32,0.52,0.41,0.3,27.0,0.21,1,21.0,1629,65.0,9.0,0.3,1595,1.36,55.6,950.0,34,Clay,Buena,victorias,Regular,victorias,player1,True,False,False
3,1,0.9211356466876972,55.0,1,0.52,-74.0,876.0,0.0,1.32,0.52,0.41,0.3,27.0,0.21,1,21.0,1629,65.0,9.0,0.3,1595,1.36,55.6,950.0,34,Clay,Buena,victorias,Regular,victorias,player1,True,False,False
0,1,1.8981868898186889,55.0,1,0.44,645.0,1361.0,0.26,1.4,0.54,0.0,0.34,6.0,0.09,0,43.0,1485,35.0,9.0,0.0,1601,1.25,40.0,716.0,-116,Clay,Mala,victorias,Regular,victorias,player2,True,False,False
0,1,1.8981868898186889,55.0,1,0.44,645.0,1361.0,0.26,1.4,0.54,0.0,0.34,6.0,0.09,0,43.0,1485,35.0,9.0,0.0,1601,1.25,40.0,716.0,-116,Clay,Mala,victorias,Regular,victorias,player2,True,False,False
6,1,1.3971553610503282,55.0,1,0.46,364.0,1277.0,0.25,1.27,0.52,0.0,0.28,8.0,0.12,0,24.0,1468,30.0,9.0,0.34,1520,1.18,50.0,913.0,-52,Clay,Mala,victorias,Regular,victorias,player1,True,False,False
6,1,1.3971553610503282,55.0,1,0.46,364.0,1277.0,0.25,1.27,0.52,0.0,0.28,8.0,0.12,0,24.0,1468,30.0,9.0,0.34,1520,1.18,50.0,913.0,-52,Clay,Mala,victorias,Regular,victorias,player1,True,False,False
0,1,0.6907020872865275,38.5,1,0.49,-488.0,1092.0,0.31,1.29,0.4,0.0,0.45,13.0,0.0,0,3.0,1540,40.0,8.0,0.0,1522,1.3,66.7,1580.0,18,Clay,Regular,victorias,Mala,victorias,player2,True,False,False
0,1,0.6907020872865275,38.5,1,0.49,-488.0,1092.0,0.31,1.29,0.4,0.0,0.45,13.0,0.0,0,3.0,1540,40.0,8.0,0.0,1522,1.3,66.7,1580.0,18,Clay,Regular,victorias,Mala,victorias,player2,True,False,False
1,1,0.8425584255842559,35.0,1,0.44,-255.0,1370.0,0.29,1.26,0.4,0.0,0.3,6.0,0.09,0,3.0,1479,30.0,13.0,0.0,1538,1.22,31.605510637421183,1625.0,-59,Clay,Mala,victorias,Mala,victorias,player2,True,False,False
1,1,0.8425584255842559,35.0,1,0.44,-255.0,1370.0,0.29,1.26,0.4,0.0,0.3,6.0,0.09,0,3.0,1479,30.0,13.0,0.0,1538,1.22,31.605510637421183,1625.0,-59,Clay,Mala,victorias,Mala,victorias,player2,True,False,False
1,1,1.4094827586206897,50.0,1,0.51,286.0,981.0,0.39,1.34,0.55,0.0,0.22,19.0,0.2,0,46.0,1636,55.0,10.0,0.0,1615,1.37,55.293127957927055,695.0,21,Clay,Regular,victorias,Regular,victorias,player1,True,False,False
1,1,1.4094827586206897,50.0,1,0.51,286.0,981.0,0.39,1.34,0.55,0.0,0.22,19.0,0.2,0,46.0,1636,55.0,10.0,0.0,1615,1.37,55.293127957927055,695.0,21,Clay,Regular,victorias,Regular,victorias,player1,True,False,False
4,1,2.4530706836616454,25.0,1,0.32,1255.0,2117.0,0.22,1.11,0.53,0.29,0.31,1.0,0.0,0,29.0,1446,20.0,15.0,0.45,1488,1.11,42.3,862.0,-42,Clay,Mala,victorias,Mala,victorias,player2,True,False,False
4,1,2.4530706836616454,25.0,1,0.32,1255.0,2117.0,0.22,1.11,0.53,0.29,0.31,1.0,0.0,0,29.0,1446,20.0,15.0,0.45,1488,1.11,42.3,862.0,-42,Clay,Mala,victorias,Mala,victorias,player2,True,False,False
0,0,0.3930968494590207,35.40335016386877,-1,0.59,-619.6395735802707,303.0,0.34,0.0,0.0,0.0,0.0,173.0,0.21,0,31.69986915584216,1623,55.0,12.919329967226249,0.0,1500,1.36,56.14021298836758,960.4708960696677,123,Clay,Regular,derrotas,,,player1,True,False,False
0,0,0.3930968494590207,35.40335016386877,-1,0.59,-619.6395735802707,303.0,0.34,0.0,0.0,0.0,0.0,173.0,0.21,0,31.69986915584216,1623,55.0,12.919329967226249,0.0,1500,1.36,56.14021298836758,960.4708960696677,123,Clay,Regular,derrotas,,,player1,True,False,False
0,-2,2.628605769230769,50.0,-6,0.32,1356.0,2187.0,0.15,1.34,0.53,0.0,0.4,1.0,0.0,0,32.0,1429,16.7,10.0,0.0,1582,0.99,50.0,831.0,-153,Clay,Mala,derrotas,Regular,derrotas,player1,True,False,False
0,-2,2.628605769230769,50.0,-6,0.32,1356.0,2187.0,0.15,1.34,0.53,0.0,0.4,1.0,0.0,0,32.0,1429,16.7,10.0,0.0,1582,0.99,50.0,831.0,-153,Clay,Mala,derrotas,Regular,derrotas,player1,True,False,False
0,-1,0.9772727272727273,50.0,-1,0.52,-20.0,903.0,0.32,1.32,0.52,0.0,0.37,25.0,0.0,2,23.0,1571,60.0,10.0,0.0,1599,1.37,50.0,923.0,-28,Clay,Buena,derrotas,Regular,derrotas,player2,True,False,False
0,-1,0.9772727272727273,50.0,-1,0.52,-20.0,903.0,0.32,1.32,0.52,0.0,0.37,25.0,0.0,2,23.0,1571,60.0,10.0,0.0,1599,1.37,50.0,923.0,-28,Clay,Buena,derrotas,Regular,derrotas,player2,True,False,False
0,-3,1.1492349828490127,0.0,-1,0.43,69.92287332837532,1436.0,0.25,0.0,0.0,0.0,0.0,5.0,0.09,0,7.90796840808028,1455,25.0,3.0,0.0,1462,1.1,37.66408687940349,1416.451648062849,-7,Clay,Mala,derrotas,Mala,derrotas,player1,True,False,False
0,-3,1.1492349828490127,0.0,-1,0.43,69.92287332837532,1436.0,0.25,0.0,0.0,0.0,0.0,5.0,0.09,0,7.90796840808028,1455,25.0,3.0,0.0,1462,1.1,37.66408687940349,1416.451648062849,-7,Clay,Mala,derrotas,Mala,derrotas,player1,True,False,False
1,-5,0.9042553191489362,30.0,-2,0.53,-89.0,850.0,0.23,1.14,0.52,0.0,0.32,30.0,0.12,1,22.0,1480,35.0,14.0,0.0,1501,1.22,25.0,939.0,-21,Clay,Mala,derrotas,Mala,derrotas,player1,True,False,False
1,-5,0.9042553191489362,30.0,-2,0.53,-89.0,850.0,0.23,1.14,0.52,0.0,0.32,30.0,0.12,1,22.0,1480,35.0,14.0,0.0,1501,1.22,25.0,939.0,-21,Clay,Mala,derrotas,Mala,derrotas,player1,True,False,False
0,-1,0.968184311574328,26.7,-2,0.38,-57.0,1765.0,0.0,1.12,0.38,0.0,0.12,2.0,0.0,1,2.0,1461,22.2,11.0,0.0,1463,1.11,0.0,1822.0,-2,Clay,Mala,derrotas,Mala,derrotas,player2,True,False,False
0,-1,0.968184311574328,26.7,-2,0.38,-57.0,1765.0,0.0,1.12,0.38,0.0,0.12,2.0,0.0,1,2.0,1461,22.2,11.0,0.0,1463,1.11,0.0,1822.0,-2,Clay,Mala,derrotas,Mala,derrotas,player2,True,False,False
0,-1,4.085201793721973,65.0,-1,0.38,1377.0,1822.0,0.38,1.43,0.57,0.0,0.41,2.0,0.21,0,103.0,1396,20.0,7.0,0.0,1673,1.01,57.9,445.0,-277,Clay,Mala,derrotas,Buena,derrotas,player2,True,False,False
0,-1,4.085201793721973,65.0,-1,0.38,1377.0,1822.0,0.38,1.43,0.57,0.0,0.41,2.0,0.21,0,103.0,1396,20.0,7.0,0.0,1673,1.01,57.9,445.0,-277,Clay,Mala,derrotas,Buena,derrotas,player2,True,False,False
1,-5,0.8773527625986642,20.0,-3,0.43,-201.0,1445.0,0.21,1.05,0.4,0.0,0.15,5.0,0.15,0,3.0,1467,25.0,16.0,0.0,1400,1.11,33.3,1646.0,67,Clay,Mala,derrotas,Mala,derrotas,player1,True,False,False
1,-5,0.8773527625986642,20.0,-3,0.43,-201.0,1445.0,0.21,1.05,0.4,0.0,0.15,5.0,0.15,0,3.0,1467,25.0,16.0,0.0,1400,1.11,33.3,1646.0,67,Clay,Mala,derrotas,Mala,derrotas,player1,True,False,False
1,1,0.7799525504151839,30.0,1,0.75,-370.0,1315.0,0.24,1.22,0.67,0.0,0.29,7.0,0.16,0,3.0,1479,35.0,14.0,0.0,1551,1.26,40.0,1685.0,-72,Hard,Mala,victorias,Mala,victorias,player2,False,False,True
1,1,0.7799525504151839,30.0,1,0.75,-370.0,1315.0,0.24,1.22,0.67,0.0,0.29,7.0,0.16,0,3.0,1479,35.0,14.0,0.0,1551,1.26,40.0,1685.0,-72,Hard,Mala,victorias,Mala,victorias,player2,False,False,True
2,1,0.7471910112359551,33.3,1,0.8,-404.0,1197.0,0.25,1.21,0.67,0.0,0.36,10.0,0.09,0,3.0,1514,40.0,12.0,0.0,1509,1.3,0.0,1601.0,5,Hard,Regular,victorias,Mala,victorias,player1,False,False,True
2,1,0.7471910112359551,33.3,1,0.8,-404.0,1197.0,0.25,1.21,0.67,0.0,0.36,10.0,0.09,0,3.0,1514,40.0,12.0,0.0,1509,1.3,0.0,1601.0,5,Hard,Regular,victorias,Mala,victorias,player1,False,False,True
4,1,1.3664596273291925,70.0,1,0.87,237.0,880.0,0.35,1.46,0.92,0.0,0.4,27.0,0.09,0,54.0,1565,40.0,6.0,0.11,1711,1.23,60.0,643.0,-146,Hard,Regular,victorias,Buena,victorias,player2,False,False,True
4,1,1.3664596273291925,70.0,1,0.87,237.0,880.0,0.35,1.46,0.92,0.0,0.4,27.0,0.09,0,54.0,1565,40.0,6.0,0.11,1711,1.23,60.0,643.0,-146,Hard,Regular,victorias,Buena,victorias,player2,False,False,True
5,1,0.9610778443113772,55.0,6,0.92,-25.0,642.0,0.42,1.28,0.92,0.19,0.4,54.0,0.21,2,51.0,1733,70.0,9.0,0.11,1629,1.53,53.3,667.0,104,Hard,Buena,victorias,Regular,victorias,player1,False,False,True
5,1,0.9610778443113772,55.0,6,0.92,-25.0,642.0,0.42,1.28,0.92,0.19,0.4,54.0,0.21,2,51.0,1733,70.0,9.0,0.11,1629,1.53,53.3,667.0,104,Hard,Buena,victorias,Regular,victorias,player1,False,False,True
0,1,1.879598662207358,45.0,1,0.82,527.0,1124.0,0.27,1.33,0.93,0.0,0.34,12.0,0.09,0,63.0,1527,45.0,11.0,0.0,1560,1.33,47.00697202739843,597.0,-33,Hard,Regular,victorias,Regular,victorias,player2,False,False,True
0,1,1.879598662207358,45.0,1,0.82,527.0,1124.0,0.27,1.33,0.93,0.0,0.34,12.0,0.09,0,63.0,1527,45.0,11.0,0.0,1560,1.33,47.00697202739843,597.0,-33,Hard,Regular,victorias,Regular,victorias,player2,False,False,True
1,1,0.49740034662045063,25.0,1,0.93,-579.0,574.0,0.38,1.16,0.81,0.0,0.29,68.0,0.12,0,11.0,1646,65.0,15.0,0.0,1482,1.43,40.0,1153.0,164,Hard,Buena,victorias,Mala,victorias,player1,False,False,True
1,1,0.49740034662045063,25.0,1,0.93,-579.0,574.0,0.38,1.16,0.81,0.0,0.29,68.0,0.12,0,11.0,1646,65.0,15.0,0.0,1482,1.43,40.0,1153.0,164,Hard,Buena,victorias,Mala,victorias,player1,False,False,True
0,1,0.5992260917634052,21.1,1,0.49,-724.0,1084.0,0.35,1.14,0.38,0.0,0.2,13.0,0.0,0,2.0,1573,50.0,15.0,0.0,1434,1.38,0.0,1808.0,139,Clay,Regular,victorias,Mala,victorias,player2,True,False,False
0,1,0.5992260917634052,21.1,1,0.49,-724.0,1084.0,0.35,1.14,0.38,0.0,0.2,13.0,0.0,0,2.0,1573,50.0,15.0,0.0,1434,1.38,0.0,1808.0,139,Clay,Regular,victorias,Mala,victorias,player2,True,False,False
0,0,0.23333333333333334,80.0,0,0.52,-68.0,21.0,0.0,0.0,0.51,0.0,0.0,1856.0,0.0,1,840.0,1500,60.0,4.0,0.0,1500,0.0,60.0,89.0,0,Clay,,,,,player2,True,False,False
0,0,0.23333333333333334,80.0,0,0.52,-68.0,21.0,0.0,0.0,0.51,0.0,0.0,1856.0,0.0,1,840.0,1500,60.0,4.0,0.0,1500,0.0,60.0,89.0,0,Clay,,,,,player2,True,False,False
0,0,0.23333333333333334,80.0,0,0.52,-68.0,21.0,0.0,0.0,0.51,0.0,0.0,1856.0,0.0,1,840.0,1500,60.0,4.0,0.0,1500,0.0,60.0,89.0,0,Clay,,,,,player2,True,False,False
0,0,0.23333333333333334,80.0,0,0.52,-68.0,21.0,0.0,0.0,0.51,0.0,0.0,1856.0,0.0,1,840.0,1500,60.0,4.0,0.0,1500,0.0,60.0,89.0,0,Clay,,,,,player2,True,False,False
0,0,0.23333333333333334,80.0,0,0.52,-68.0,21.0,0.0,0.0,0.51,0.0,0.0,1856.0,0.0,1,840.0,1500,60.0,4.0,0.0,1500,0.0,60.0,89.0,0,Clay,,,,,player2,True,False,False
0,0,0.23333333333333334,80.0,0,0.52,-68.0,21.0,0.0,0.0,0.51,0.0,0.0,1856.0,0.0,1,840.0,1500,60.0,4.0,0.0,1500,0.0,60.0,89.0,0,Clay,,,,,player2,True,False,False
1,1,0.6681318681318681,65.0,1,0.64,-150.0,304.0,0.53,1.36,0.62,0.0,0.52,172.0,0.19,0,101.0,1673,65.0,7.0,0.16,1711,1.4,50.13451174250337,454.0,-38,Clay,Buena,victorias,Buena,victorias,player2,True,False,False
4,1,0.6141552511415526,70.0,6,0.64,-168.0,269.0,0.59,1.37,0.62,0.24,0.52,193.0,0.12,0,107.0,1837,85.0,6.0,0.24,1730,1.54,46.78225595929424,437.0,107,Clay,Excelente,victorias,Buena,victorias,player1,True,False,False
4,1,0.7121212121212122,45.0,1,0.7,-113.0,282.0,0.6,1.28,0.69,0.42,0.51,188.0,0.24,0,123.0,1671,65.0,11.0,0.08,1605,1.32,48.29116317312306,395.0,66,Clay,Buena,victorias,Regular,victorias,player1,True,False,False
2,1,0.9112050739957717,75.0,1,0.68,-41.0,431.0,0.48,1.41,0.62,0.0,0.52,109.0,0.22,2,97.0,1660,60.0,5.0,0.3,1730,1.35,60.131666374127526,472.0,-70,Clay,Buena,victorias,Excelente,victorias,player1,True,False,False
7,1,0.7226890756302521,50.0,1,0.64,-98.0,258.0,0.58,1.24,0.63,0.23,0.47,209.0,0.14,1,140.0,1753,70.0,10.0,0.46,1585,1.41,48.480361521232666,356.0,168,Clay,Buena,victorias,Regular,victorias,player1,True,False,False
2,1,0.09600389863547758,65.0,6,0.71,-1854.0,197.0,0.57,1.37,0.35,0.22,0.53,288.0,0.25,0,1.0,1773,80.0,7.0,0.0,1679,1.57,40.931202094043144,2051.0,94,Clay,Excelente,victorias,Buena,victorias,player2,True,False,False
2,1,1.3606259246799561,40.0,1,0.64,56.823802060737655,301.0,0.56,1.26,0.0,0.0,0.46,176.0,0.18,0,292.15449044877965,1620,50.0,12.0,0.24,1583,1.31,37.780774107077804,241.74440814222476,37,Clay,Regular,victorias,Regular,victorias,player2,True,False,False
3,1,0.5557894736842105,55.0,1,0.7,-210.0,264.0,0.55,1.3,0.62,0.22,0.52,199.0,0.2,0,96.0,1715,65.0,9.0,0.0,1647,1.38,47.37352037392676,474.0,68,Clay,Buena,victorias,Regular,victorias,player1,True,False,False
5,1,0.8595744680851064,55.0,1,0.62,-65.0,404.0,0.54,1.32,0.62,0.3,0.53,119.0,0.09,1,98.0,1745,70.0,9.0,0.08,1677,1.34,37.71326740736514,469.0,68,Clay,Buena,victorias,Regular,victorias,player1,True,False,False
5,1,0.7045908183632734,60.0,1,0.63,-147.0,353.0,0.51,1.33,0.61,0.08,0.51,141.0,0.14,0,87.0,1646,60.0,8.0,0.0,1680,1.33,53.89215019973203,500.0,-34,Clay,Buena,victorias,Buena,victorias,player1,True,False,False
2,1,0.9213483146067416,65.0,1,0.62,-34.0,410.0,0.55,1.42,0.62,0.22,0.54,116.0,0.19,2,104.0,1747,75.0,7.0,0.0,1754,1.4,52.849897540060084,444.0,-7,Clay,Excelente,victorias,Buena,victorias,player1,True,False,False
1,-3,3.0508474576271185,40.0,2,1.0,122.0,180.0,0.0,1.42,1.04,-0.0,0.47,318.0,0.12,0,895.0,1832,85.0,12.0,-0.0,1731,1.83,33.300000000000004,58.0,101,Grass,Excelente,victorias,Regular,derrotas,player1,False,True,False
14,-4,0.9038461538461539,45.0,-1,1.16,-4.0,47.0,0.0,1.29,1.04,0.17,0.0,970.0,0.27,3,948.0,1736,40.0,11.0,0.19,1717,1.3,41.02147843094158,51.0,19,Grass,Regular,derrotas,Regular,derrotas,player1,False,True,False
3,5,0.21365638766519823,75.0,2,1.03,-356.0,97.0,0.0,1.87,0.95,0.0,0.6,629.0,0.27,0,101.0,1748,55.0,5.0,0.0,1766,1.61,79.30812368260958,453.0,-18,Grass,Regular,victorias,Excelente,victorias,player1,False,True,False
11,-4,1.0714285714285714,40.0,-2,1.04,4.0,45.0,0.57,1.3,1.05,0.12,0.52,994.0,0.27,3,1130.0,1772,50.0,12.0,0.08,1711,1.42,70.3035270194508,41.0,61,Grass,Regular,derrotas,Regular,derrotas,player1,False,True,False
4,2,0.17297297297297298,55.0,-1,1.05,-152.0,32.0,0.0,1.61,1.0,0.03,0.48,1370.0,0.27,0,315.0,1798,40.0,9.0,0.0,1668,1.38,57.791037440526786,184.0,130,Grass,Regular,derrotas,Regular,victorias,player1,False,True,False
4,-2,0.25396825396825395,55.0,-4,1.07,-46.0,16.0,0.0,1.53,1.04,0.03,0.0,2449.0,0.27,2,1012.0,1722,30.0,9.0,0.02,1739,1.29,40.965603949987134,62.0,-17,Grass,Mala,derrotas,Regular,derrotas,player2,False,True,False
10,-1,0.7631578947368421,50.0,-1,1.15,-17.0,58.0,0.55,1.41,1.04,0.07,0.0,1051.0,0.27,2,933.0,1796,50.0,10.0,0.08,1779,1.45,44.43904314844455,75.0,17,Grass,Regular,derrotas,Regular,derrotas,player1,False,True,False
10,-1,7.75,55.0,-1,1.02,136.0,155.0,0.41,1.46,1.06,0.06,0.67,479.0,0.27,0,1918.0,1746,50.0,9.0,0.08,1874,1.43,66.41441662687346,19.0,-128,Grass,Regular,derrotas,Regular,derrotas,player2,False,True,False
4,2,0.13125,55.0,-1,1.15,-416.0,63.0,0.44,1.58,0.96,0.03,0.58,1009.0,0.27,0,115.0,1783,65.0,9.0,0.0,1668,1.56,52.6054970799783,479.0,115,Grass,Buena,derrotas,Regular,victorias,player2,False,True,False
5,-4,0.5957446808510638,40.0,-1,1.04,-56.0,84.0,0.0,1.38,1.02,0.02,0.59,888.0,0.27,1,545.0,1818,70.0,12.0,0.02,1756,1.66,65.43480667362809,140.0,62,Grass,Buena,derrotas,Regular,derrotas,player1,False,True,False
3,-5,11.375,40.0,-1,0.99,250.0,273.0,0.48,1.4,1.06,0.0,0.65,253.0,0.27,0,1800.0,1806,70.0,12.0,0.0,1714,1.68,65.68244524421922,23.0,92,Grass,Buena,derrotas,Regular,derrotas,player1,False,True,False
3,1,0.7854545454545454,60.0,1,1.0,-58.0,216.0,0.53,1.64,0.98,0.0,0.43,265.0,0.27,1,192.0,1632,45.0,8.0,0.0,1692,1.51,54.947111566690765,274.0,-60,Grass,Regular,victorias,Buena,victorias,player2,False,True,False
1,1,0.4709480122324159,60.0,1,1.01,-172.0,154.0,0.45,1.62,0.97,-0.0,0.0,386.0,0.27,0,157.0,1675,55.0,8.0,-0.0,1701,1.6,60.07037053940731,326.0,-26,Grass,Regular,victorias,Buena,victorias,player2,False,True,False
5,1,0.9135802469135802,50.0,1,1.0,-20.0,222.0,0.0,1.52,0.99,0.02,0.0,259.0,0.25,2,231.0,1672,60.0,10.0,0.02,1689,1.57,59.16668935787988,242.0,-17,Grass,Buena,victorias,Regular,victorias,player2,False,True,False
2,1,0.5023584905660378,50.0,1,1.01,-210.0,213.0,0.0,1.57,0.97,0.0,0.49,344.0,0.27,0,136.0,1715,65.0,10.0,0.0,1606,1.64,60.0752957322249,423.0,109,Grass,Buena,victorias,Regular,victorias,player1,False,True,False
3,1,1.170995670995671,35.0,1,0.95,80.0,541.0,0.45,1.43,0.96,0.03,0.38,98.0,0.24,1,121.0,1652,55.0,13.0,0.02,1535,1.55,63.513909600501194,461.0,117,Grass,Regular,victorias,Mala,victorias,player1,False,True,False
4,1,0.6676923076923077,70.0,1,1.01,-107.0,217.0,0.46,1.64,0.98,0.02,0.0,334.0,0.27,0,197.0,1719,60.0,6.0,0.02,1714,1.55,59.56046407706777,324.0,5,Grass,Buena,victorias,Buena,victorias,player1,False,True,False
3,1,0.7404580152671756,65.0,1,1.01,-67.0,194.0,0.0,1.64,1.0,0.0,0.47,373.0,0.27,1,266.0,1717,55.0,7.0,0.0,1705,1.6,63.87034159090369,261.0,12,Grass,Regular,victorias,Buena,victorias,player2,False,True,False
5,1,0.6504854368932039,50.0,1,1.01,-107.0,201.0,0.0,1.54,0.94,0.03,0.0,365.0,0.27,0,218.0,1674,50.0,10.0,0.02,1666,1.5,67.343080456156,308.0,8,Grass,Regular,victorias,Regular,victorias,player1,False,True,False
2,-4,0.7881944444444444,45.0,-1,0.65,-60.0,227.0,0.52,1.22,0.64,0.29,0.3,252.0,0.27,1,185.0,1654,60.0,11.0,0.0,1589,1.34,50.91419043978327,287.0,65,Clay,Buena,derrotas,Regular,derrotas,player1,True,False,False
4,-1,0.5375375375375375,45.0,-1,0.65,-153.0,179.0,0.52,1.18,0.63,0.22,0.5,322.0,0.25,0,151.0,1677,60.0,11.0,0.29,1589,1.34,59.37800189939183,332.0,88,Clay,Buena,derrotas,Regular,derrotas,player1,True,False,False
3,-1,3.802919708029197,50.0,-1,0.61,385.0,521.0,0.6,1.26,0.66,0.19,0.53,79.0,0.27,0,450.0,1800,65.0,10.0,0.0,1670,1.38,25.072043335266592,136.0,130,Clay,Buena,derrotas,Regular,derrotas,player1,True,False,False
3,-1,3.6346153846153846,50.0,-1,0.63,275.0,378.0,0.52,1.26,0.67,0.0,0.54,128.0,0.25,0,600.0,1582,45.0,10.0,0.29,1670,1.23,17.985273811309614,103.0,-88,Clay,Regular,derrotas,Regular,derrotas,player2,True,False,False
1,-1,1.0714285714285714,60.0,-2,0.65,16.0,225.0,0.62,1.33,0.65,0.0,0.56,256.0,0.27,2,272.0,1724,65.0,8.0,0.22,1669,1.4,71.64094563752758,209.0,55,Clay,Buena,derrotas,Buena,derrotas,player2,True,False,False
6,-1,0.7330960854092526,70.0,-2,0.65,-74.0,206.0,0.53,1.36,0.64,0.24,0.49,276.0,0.22,1,189.0,1599,45.0,6.0,0.08,1706,1.16,51.86587727743613,280.0,-107,Clay,Regular,derrotas,Buena,derrotas,player2,True,False,False
4,-1,2.3020833333333335,50.0,-6,0.65,126.0,221.0,0.0,1.25,0.67,0.0,0.52,259.0,0.26,0,633.0,1601,40.0,10.0,0.34,1720,1.19,62.83130530906252,95.0,-119,Clay,Regular,derrotas,Regular,derrotas,player2,True,False,False
2,-1,1.1422764227642277,60.0,-2,0.64,36.0,281.0,0.53,1.32,0.71,0.24,0.51,188.0,0.18,2,225.0,1635,60.0,8.0,0.0,1642,1.32,54.68885138821777,245.0,-7,Clay,Buena,derrotas,Buena,derrotas,player2,True,False,False
1,-2,0.5830985915492958,45.0,-1,0.71,-147.0,207.0,0.44,1.23,0.63,0.0,0.42,274.0,0.21,0,141.0,1698,65.0,11.0,0.0,1584,1.37,51.569675181186945,354.0,114,Clay,Buena,derrotas,Regular,derrotas,player1,True,False,False
2,-2,2.1401869158878504,60.0,-1,0.65,123.0,229.0,0.56,1.3,0.67,0.08,0.58,251.0,0.21,0,585.0,1812,85.0,8.0,0.0,1703,1.49,56.85651408524363,106.0,109,Clay,Excelente,derrotas,Buena,derrotas,player1,True,False,False
3,-3,4.735294117647059,30.0,-2,1.02,128.0,161.0,0.0,1.33,1.06,0.0,0.69,467.0,0.27,0,1405.0,1721,60.0,14.0,0.0,1719,1.61,66.92190123851158,33.0,2,Grass,Buena,derrotas,Mala,derrotas,player1,False,True,False
11,-2,0.44981412639405205,55.0,-2,1.03,-147.0,121.0,0.62,1.41,0.98,0.13,0.0,660.0,0.27,0,196.0,1882,50.0,9.0,0.14,1816,1.44,51.940501455996554,268.0,66,Grass,Regular,derrotas,Regular,derrotas,player2,False,True,False
3,1,0.44073139125147637,70.0,-1,0.67,-127.83871999472672,104.0,0.56,1.35,0.0,0.24,0.65,731.0,0.27,0,656.3707341097518,1838,70.0,6.0,0.19,1740,1.42,32.0270129348025,158.12938951634925,98,Clay,Buena,derrotas,Buena,victorias,player1,True,False,False
3,5,1.6577946768060836,70.0,-1,0.63,174.0,436.0,0.54,1.49,0.61,0.0,0.64,131.0,0.27,0,266.0,1591,40.0,6.0,0.31,1779,1.18,71.38188931218839,262.0,-188,Clay,Regular,derrotas,Buena,victorias,player1,True,False,False
1,-1,1.0757575757575757,70.0,-2,0.66,11.0,142.0,0.56,1.37,0.67,0.2,0.56,533.0,0.27,2,571.0,1681,60.0,6.0,0.0,1758,1.32,52.85890555090712,131.0,-77,Clay,Buena,derrotas,Buena,derrotas,player1,True,False,False
2,-2,2.15625,45.0,-1,0.99,149.0,276.0,0.0,1.46,1.03,0.0,0.0,250.0,0.09,0,617.0,1843,85.0,11.0,0.0,1682,1.78,46.40720418407468,127.0,161,Grass,Excelente,derrotas,Regular,derrotas,player1,False,True,False
0,-1,0.3626115258749116,40.0,-1,1.15,-247.22033212582343,68.0,0.0,1.45,0.0,-0.0,0.0,961.0,0.27,0,496.96808714587195,1750,50.0,3.0,-0.0,1493,1.52,45.353960358639405,283.9223036311166,257,Grass,Regular,derrotas,Regular,derrotas,player1,False,True,False
4,-1,0.8265895953757225,65.0,-2,1.02,-29.0,143.0,0.0,1.56,1.02,0.02,0.0,532.0,0.27,2,431.0,1791,65.0,7.0,0.03,1746,1.56,49.250222380938204,172.0,45,Grass,Buena,derrotas,Buena,derrotas,player2,False,True,False
11,-1,1.7526881720430108,65.0,-4,1.02,71.0,163.0,0.39,1.48,1.04,0.07,0.0,463.0,0.27,1,820.0,1665,45.0,7.0,0.15,1808,1.33,35.31746677339554,92.0,-143,Grass,Regular,derrotas,Buena,derrotas,player2,False,True,False
1,-1,0.9719101123595506,70.0,-1,1.01,-4.0,173.0,0.47,1.58,1.01,-0.0,0.0,428.0,0.27,3,413.0,1793,65.0,6.0,-0.0,1769,1.65,65.87463911385885,177.0,24,Grass,Buena,derrotas,Buena,derrotas,player2,False,True,False
4,-2,1.2314049586776858,50.0,-1,1.01,29.0,149.0,0.0,1.48,1.02,0.02,0.0,404.0,0.26,2,522.0,1651,65.0,10.0,0.01,1685,1.56,72.08525321948208,120.0,-34,Grass,Buena,derrotas,Regular,derrotas,player1,False,True,False
3,-2,0.5044776119402985,55.0,-2,1.01,-165.0,169.0,0.0,1.55,0.97,0.0,0.55,344.0,0.27,0,150.0,1568,35.0,9.0,0.0,1743,1.41,58.505669393067095,334.0,-175,Grass,Mala,derrotas,Regular,derrotas,player2,False,True,False
0,-3,1.75,45.0,-1,0.99,100.0,231.0,0.0,1.49,1.02,-0.0,0.51,250.0,0.19,1,465.0,1688,60.0,11.0,-0.0,1626,1.58,72.20611725665044,131.0,62,Grass,Buena,derrotas,Regular,derrotas,player2,False,True,False
0,-1,0.959731543624161,75.0,-1,1.01,-5.0,143.0,0.0,1.66,1.01,-0.0,0.0,411.0,0.27,3,404.0,1741,70.0,5.0,-0.0,1811,1.63,67.95594935087337,148.0,-70,Grass,Buena,derrotas,Excelente,derrotas,player2,False,True,False
1,1,2.7280927835051547,45.0,1,0.35,1342.0,2117.0,0.42,1.27,0.58,0.0,0.44,1.0,0.0,0,38.0,1552,45.5,11.0,0.0,1550,1.32,45.123336892097576,775.0,2,Clay,Regular,victorias,Regular,victorias,player2,True,False,False
4,-1,1.5564516129032258,55.0,-1,0.6,208.0,579.0,0.52,1.27,0.63,0.29,0.53,67.0,0.23,0,131.0,1644,60.0,9.0,0.34,1672,1.3,53.96762029415685,371.0,-28,Clay,Buena,derrotas,Regular,derrotas,player2,True,False,False
12,-4,0.6231884057971014,50.0,-1,0.63,-233.0,387.0,0.56,1.13,0.6,0.59,0.48,125.0,0.23,0,58.0,1695,55.0,10.0,0.34,1577,1.19,28.816890493998127,620.0,118,Clay,Regular,derrotas,Regular,derrotas,player1,True,False,False
0,-1,0.5342960288808665,30.8,-2,0.48,-1031.0,1184.0,0.2,1.2,0.32,0.0,0.33,10.0,0.0,0,1.0,1464,40.0,9.0,0.0,1503,1.23,30.52678169703232,2215.0,-39,Clay,Regular,derrotas,Mala,derrotas,player2,True,False,False
11,-3,1.1663585951940851,20.0,-2,0.46,181.0,1262.0,0.38,0.92,0.5,0.48,0.38,8.0,0.21,0,14.0,1467,30.0,16.0,0.53,1418,1.06,40.997102525759125,1081.0,49,Clay,Mala,derrotas,Mala,derrotas,player2,True,False,False
4,1,0.7121212121212122,45.0,1,0.7,-113.0,282.0,0.6,1.28,0.69,0.42,0.51,188.0,0.24,0,123.0,1671,65.0,11.0,0.08,1605,1.32,48.29116317312306,395.0,66,Clay,Buena,victorias,Regular,victorias,player1,True,False,False
2,1,0.9112050739957717,75.0,1,0.68,-41.0,431.0,0.48,1.41,0.62,0.0,0.52,109.0,0.22,2,97.0,1660,60.0,5.0,0.3,1730,1.35,60.131658922096754,472.0,-70,Clay,Buena,victorias,Excelente,victorias,player1,True,False,False
7,1,0.7226890756302521,50.0,1,0.64,-98.0,258.0,0.58,1.24,0.63,0.23,0.47,209.0,0.14,1,140.0,1753,70.0,10.0,0.46,1585,1.41,48.48039947323834,356.0,168,Clay,Buena,victorias,Regular,victorias,player1,True,False,False
2,1,0.09600389863547758,65.0,6,0.71,-1854.0,197.0,0.57,1.37,0.35,0.22,0.53,288.0,0.25,0,1.0,1773,80.0,7.0,0.0,1679,1.57,40.931202094043144,2051.0,94,Clay,Excelente,victorias,Buena,victorias,player2,True,False,False
2,1,1.3606259246799561,40.0,1,0.64,56.823802060737655,301.0,0.56,1.26,0.0,0.0,0.46,176.0,0.18,0,292.15449044877965,1620,50.0,12.0,0.24,1583,1.31,37.780774107077804,241.74440814222476,37,Clay,Regular,victorias,Regular,victorias,player2,True,False,False
3,1,0.5557894736842105,55.0,1,0.7,-210.0,264.0,0.55,1.3,0.62,0.22,0.52,199.0,0.2,0,96.0,1715,65.0,9.0,0.0,1647,1.38,47.37352037392676,474.0,68,Clay,Buena,victorias,Regular,victorias,player1,True,False,False
5,1,0.8595744680851064,55.0,1,0.62,-65.0,404.0,0.54,1.32,0.62,0.3,0.53,119.0,0.09,1,98.0,1745,70.0,9.0,0.08,1677,1.34,37.713385982268754,469.0,68,Clay,Buena,victorias,Regular,victorias,player1,True,False,False
5,1,0.7045908183632734,60.0,1,0.63,-147.0,353.0,0.51,1.33,0.61,0.08,0.51,141.0,0.14,0,87.0,1646,60.0,8.0,0.0,1680,1.33,53.89215019973203,500.0,-34,Clay,Buena,victorias,Buena,victorias,player1,True,False,False
2,1,0.9213483146067416,65.0,1,0.62,-34.0,410.0,0.55,1.42,0.62,0.22,0.54,116.0,0.19,2,104.0,1747,75.0,7.0,0.0,1754,1.4,52.849897540060084,444.0,-7,Clay,Excelente,victorias,Buena,victorias,player1,True,False,False
1,-3,3.0508474576271185,40.0,2,1.0,122.0,180.0,0.0,1.42,1.04,-0.0,0.47,318.0,0.12,0,895.0,1832,85.0,12.0,-0.0,1731,1.83,33.300000000000004,58.0,101,Grass,Excelente,victorias,Regular,derrotas,player1,False,True,False
14,-4,0.9038461538461539,45.0,-1,1.16,-4.0,47.0,0.0,1.29,1.04,0.17,0.0,970.0,0.27,3,948.0,1736,40.0,11.0,0.19,1717,1.3,41.02148027397447,51.0,19,Grass,Regular,derrotas,Regular,derrotas,player1,False,True,False
3,5,0.21365638766519823,75.0,2,1.03,-356.0,97.0,0.0,1.87,0.95,0.0,0.6,629.0,0.27,0,101.0,1748,55.0,5.0,0.0,1766,1.61,79.3081237115294,453.0,-18,Grass,Regular,victorias,Excelente,victorias,player1,False,True,False
11,-4,1.0714285714285714,40.0,-2,1.04,4.0,45.0,0.57,1.3,1.05,0.12,0.52,994.0,0.27,3,1130.0,1772,50.0,12.0,0.08,1711,1.42,70.3035270194508,41.0,61,Grass,Regular,derrotas,Regular,derrotas,player1,False,True,False
4,2,0.17297297297297298,55.0,-1,1.05,-152.0,32.0,0.0,1.61,1.0,0.03,0.48,1370.0,0.27,0,315.0,1798,40.0,9.0,0.0,1668,1.38,57.791037440526786,184.0,130,Grass,Regular,derrotas,Regular,victorias,player1,False,True,False
4,-2,0.25396825396825395,55.0,-4,1.07,-46.0,16.0,0.0,1.53,1.04,0.03,0.0,2449.0,0.27,2,1012.0,1722,30.0,9.0,0.02,1739,1.29,40.965603949987134,62.0,-17,Grass,Mala,derrotas,Regular,derrotas,player2,False,True,False
10,-1,0.7631578947368421,50.0,-1,1.15,-17.0,58.0,0.55,1.41,1.04,0.07,0.0,1051.0,0.27,2,933.0,1796,50.0,10.0,0.08,1779,1.45,44.43904314844455,75.0,17,Grass,Regular,derrotas,Regular,derrotas,player1,False,True,False
10,-1,7.75,55.0,-1,1.02,136.0,155.0,0.41,1.46,1.06,0.06,0.67,479.0,0.27,0,1918.0,1746,50.0,9.0,0.08,1874,1.43,66.41441662687346,19.0,-128,Grass,Regular,derrotas,Regular,derrotas,player2,False,True,False
4,2,0.13125,55.0,-1,1.15,-416.0,63.0,0.44,1.58,0.96,0.03,0.58,1009.0,0.27,0,115.0,1783,65.0,9.0,0.0,1668,1.56,52.6054970799783,479.0,115,Grass,Buena,derrotas,Regular,victorias,player2,False,True,False
5,-4,0.5957446808510638,40.0,-1,1.04,-56.0,84.0,0.0,1.38,1.02,0.02,0.59,888.0,0.27,1,545.0,1818,70.0,12.0,0.02,1756,1.66,65.43480667362809,140.0,62,Grass,Buena,derrotas,Regular,derrotas,player1,False,True,False
3,-5,11.375,40.0,-1,0.99,250.0,273.0,0.48,1.4,1.06,0.0,0.65,253.0,0.27,0,1800.0,1806,70.0,12.0,0.0,1714,1.68,65.68244536956021,23.0,92,Grass,Buena,derrotas,Regular,derrotas,player1,False,True,False
1,1,0.6681318681318681,65.0,1,0.64,-150.0,304.0,0.53,1.36,0.62,0.0,0.52,172.0,0.19,0,101.0,1673,65.0,7.0,0.16,1711,1.4,50.13451174250337,454.0,-38,Clay,Buena,victorias,Buena,victorias,player2,True,False,False
4,1,0.6141552511415526,70.0,6,0.64,-168.0,269.0,0.59,1.37,0.62,0.24,0.52,193.0,0.12,0,107.0,1837,85.0,6.0,0.24,1730,1.54,46.78225595929424,437.0,107,Clay,Excelente,victorias,Buena,victorias,player1,True,False,False
3,1,0.7854545454545454,60.0,1,1.0,-58.0,216.0,0.53,1.64,0.98,0.0,0.43,265.0,0.27,1,192.0,1632,45.0,8.0,0.0,1692,1.51,54.947111566690765,274.0,-60,Grass,Regular,victorias,Buena,victorias,player2,False,True,False
1,1,0.4709480122324159,60.0,1,1.01,-172.0,154.0,0.45,1.62,0.97,-0.0,0.0,386.0,0.27,0,157.0,1675,55.0,8.0,-0.0,1701,1.6,60.07037053940731,326.0,-26,Grass,Regular,victorias,Buena,victorias,player2,False,True,False
5,1,0.9135802469135802,50.0,1,1.0,-20.0,222.0,0.0,1.52,0.99,0.02,0.0,259.0,0.25,2,231.0,1672,60.0,10.0,0.02,1689,1.57,59.16668935787988,242.0,-17,Grass,Buena,victorias,Regular,victorias,player2,False,True,False
2,1,0.5023584905660378,50.0,1,1.01,-210.0,213.0,0.0,1.57,0.97,0.0,0.49,344.0,0.27,0,136.0,1715,65.0,10.0,0.0,1606,1.64,60.0752957322249,423.0,109,Grass,Buena,victorias,Regular,victorias,player1,False,True,False
3,1,1.170995670995671,35.0,1,0.95,80.0,541.0,0.45,1.43,0.96,0.03,0.38,98.0,0.24,1,121.0,1652,55.0,13.0,0.02,1535,1.55,63.513909600501194,461.0,117,Grass,Regular,victorias,Mala,victorias,player1,False,True,False
4,1,0.6676923076923077,70.0,1,1.01,-107.0,217.0,0.46,1.64,0.98,0.02,0.0,334.0,0.27,0,197.0,1719,60.0,6.0,0.02,1714,1.55,59.56046407706777,324.0,5,Grass,Buena,victorias,Buena,victorias,player1,False,True,False
3,1,0.7404580152671756,65.0,1,1.01,-67.0,194.0,0.0,1.64,1.0,0.0,0.47,373.0,0.27,1,266.0,1717,55.0,7.0,0.0,1705,1.6,63.87034159090369,261.0,12,Grass,Regular,victorias,Buena,victorias,player2,False,True,False
5,1,0.6504854368932039,50.0,1,1.01,-107.0,201.0,0.0,1.54,0.94,0.03,0.0,365.0,0.27,0,218.0,1674,50.0,10.0,0.02,1666,1.5,67.343080456156,308.0,8,Grass,Regular,victorias,Regular,victorias,player1,False,True,False
2,-4,0.7881944444444444,45.0,-1,0.65,-60.0,227.0,0.52,1.22,0.64,0.29,0.3,252.0,0.27,1,185.0,1654,60.0,11.0,0.0,1589,1.34,50.91419043978327,287.0,65,Clay,Buena,derrotas,Regular,derrotas,player1,True,False,False
4,-1,0.5375375375375375,45.0,-1,0.65,-153.0,179.0,0.52,1.18,0.63,0.22,0.5,322.0,0.25,0,151.0,1677,60.0,11.0,0.29,1589,1.34,59.37800189939183,332.0,88,Clay,Buena,derrotas,Regular,derrotas,player1,True,False,False
3,-1,3.802919708029197,50.0,-1,0.61,385.0,521.0,0.6,1.26,0.66,0.19,0.53,79.0,0.27,0,450.0,1800,65.0,10.0,0.0,1670,1.38,25.072043335266592,136.0,130,Clay,Buena,derrotas,Regular,derrotas,player1,True,False,False
3,-1,3.6346153846153846,50.0,-1,0.63,275.0,378.0,0.52,1.26,0.67,0.0,0.54,128.0,0.25,0,600.0,1582,45.0,10.0,0.29,1670,1.23,17.985273811309614,103.0,-88,Clay,Regular,derrotas,Regular,derrotas,player2,True,False,False
1,-1,1.0714285714285714,60.0,-2,0.65,16.0,225.0,0.62,1.33,0.65,0.0,0.56,256.0,0.27,2,272.0,1724,65.0,8.0,0.22,1669,1.4,71.64072485762098,209.0,55,Clay,Buena,derrotas,Buena,derrotas,player2,True,False,False
6,-1,0.7330960854092526,70.0,-2,0.65,-74.0,206.0,0.53,1.36,0.64,0.24,0.49,276.0,0.22,1,189.0,1599,45.0,6.0,0.08,1706,1.16,51.86587727743613,280.0,-107,Clay,Regular,derrotas,Buena,derrotas,player2,True,False,False
4,-1,2.3020833333333335,50.0,-6,0.65,126.0,221.0,0.0,1.25,0.67,0.0,0.52,259.0,0.26,0,633.0,1601,40.0,10.0,0.34,1720,1.19,62.83182995825231,95.0,-119,Clay,Regular,derrotas,Regular,derrotas,player2,True,False,False
2,-1,1.1422764227642277,60.0,-2,0.64,36.0,281.0,0.53,1.32,0.71,0.24,0.51,188.0,0.18,2,225.0,1635,60.0,8.0,0.0,1642,1.32,54.68884271752231,245.0,-7,Clay,Buena,derrotas,Buena,derrotas,player2,True,False,False
1,-2,0.5830985915492958,45.0,-1,0.71,-147.0,207.0,0.44,1.23,0.63,0.0,0.42,274.0,0.21,0,141.0,1698,65.0,11.0,0.0,1584,1.37,51.569675181186945,354.0,114,Clay,Buena,derrotas,Regular,derrotas,player1,True,False,False
2,-2,2.1401869158878504,60.0,-1,0.65,123.0,229.0,0.56,1.3,0.67,0.08,0.58,251.0,0.21,0,585.0,1812,85.0,8.0,0.0,1703,1.49,56.85651408524363,106.0,109,Clay,Excelente,derrotas,Buena,derrotas,player1,True,False,False
3,-3,4.735294117647059,30.0,-2,1.02,128.0,161.0,0.0,1.33,1.06,0.0,0.69,467.0,0.27,0,1405.0,1721,60.0,14.0,0.0,1719,1.61,66.92190123851158,33.0,2,Grass,Buena,derrotas,Mala,derrotas,player1,False,True,False
11,-2,0.44981412639405205,55.0,-2,1.03,-147.0,121.0,0.62,1.41,0.98,0.13,0.0,660.0,0.27,0,196.0,1882,50.0,9.0,0.14,1816,1.44,51.940501455996554,268.0,66,Grass,Regular,derrotas,Regular,derrotas,player2,False,True,False
3,1,0.4407304738807508,70.0,-1,0.67,-127.83873618038649,104.0,0.56,1.35,0.0,0.24,0.65,731.0,0.27,0,656.3623635005414,1838,70.0,6.0,0.19,1740,1.42,32.02729360267967,158.13081934169682,98,Clay,Buena,derrotas,Buena,victorias,player1,True,False,False
3,5,1.6577946768060836,70.0,-1,0.63,174.0,436.0,0.54,1.49,0.61,0.0,0.64,131.0,0.27,0,266.0,1591,40.0,6.0,0.31,1779,1.18,71.38188931218839,262.0,-188,Clay,Regular,derrotas,Buena,victorias,player1,True,False,False
1,-1,1.0757575757575757,70.0,-2,0.66,11.0,142.0,0.56,1.37,0.67,0.2,0.56,533.0,0.27,2,571.0,1681,60.0,6.0,0.0,1758,1.32,52.85890555090712,131.0,-77,Clay,Buena,derrotas,Buena,derrotas,player1,True,False,False
2,-2,2.15625,45.0,-1,0.99,149.0,276.0,0.0,1.46,1.03,0.0,0.0,250.0,0.09,0,617.0,1843,85.0,11.0,0.0,1682,1.78,46.40720418407468,127.0,161,Grass,Excelente,derrotas,Regular,derrotas,player1,False,True,False
0,-1,0.3626115258749116,40.0,-1,1.15,-247.22033212582343,68.0,0.0,1.45,0.0,-0.0,0.0,961.0,0.27,0,496.96808714587195,1750,50.0,3.0,-0.0,1493,1.52,45.353960358639405,283.9223036311166,257,Grass,Regular,derrotas,Regular,derrotas,player1,False,True,False
4,-1,0.8265895953757225,65.0,-2,1.02,-29.0,143.0,0.0,1.56,1.02,0.02,0.0,532.0,0.27,2,431.0,1791,65.0,7.0,0.03,1746,1.56,49.250222380938204,172.0,45,Grass,Buena,derrotas,Buena,derrotas,player2,False,True,False
11,-1,1.7526881720430108,65.0,-4,1.02,71.0,163.0,0.39,1.48,1.04,0.07,0.0,463.0,0.27,1,820.0,1665,45.0,7.0,0.15,1808,1.33,35.31746677339554,92.0,-143,Grass,Regular,derrotas,Buena,derrotas,player2,False,True,False
1,-1,0.9719101123595506,70.0,-1,1.01,-4.0,173.0,0.47,1.58,1.01,-0.0,0.0,428.0,0.27,3,413.0,1793,65.0,6.0,-0.0,1769,1.65,65.87463911385885,177.0,24,Grass,Buena,derrotas,Buena,derrotas,player2,False,True,False
4,-2,1.2314049586776858,50.0,-1,1.01,29.0,149.0,0.0,1.48,1.02,0.02,0.0,404.0,0.26,2,522.0,1651,65.0,10.0,0.01,1685,1.56,72.08525321948208,120.0,-34,Grass,Buena,derrotas,Regular,derrotas,player1,False,True,False
3,-2,0.5044776119402985,55.0,-2,1.01,-165.0,169.0,0.0,1.55,0.97,0.0,0.55,344.0,0.27,0,150.0,1568,35.0,9.0,0.0,1743,1.41,58.505669393067095,334.0,-175,Grass,Mala,derrotas,Regular,derrotas,player2,False,True,False
0,-3,1.75,45.0,-1,0.99,100.0,231.0,0.0,1.49,1.02,-0.0,0.51,250.0,0.19,1,465.0,1688,60.0,11.0,-0.0,1626,1.58,72.20611725665044,131.0,62,Grass,Buena,derrotas,Regular,derrotas,player2,False,True,False
0,-1,0.959731543624161,75.0,-1,1.01,-5.0,143.0,0.0,1.66,1.01,-0.0,0.0,411.0,0.27,3,404.0,1741,70.0,5.0,-0.0,1811,1.63,67.95594935087337,148.0,-70,Grass,Buena,derrotas,Excelente,derrotas,player2,False,True,False
1,1,2.7280927835051547,45.0,1,0.35,1342.0,2117.0,0.42,1.27,0.58,0.0,0.44,1.0,0.0,0,38.0,1552,45.5,11.0,0.0,1550,1.32,45.123336892097576,775.0,2,Clay,Regular,victorias,Regular,victorias,player2,True,False,False
4,-1,1.5564516129032258,55.0,-1,0.6,208.0,579.0,0.52,1.27,0.63,0.29,0.53,67.0,0.23,0,131.0,1644,60.0,9.0,0.34,1672,1.3,53.96762029415685,371.0,-28,Clay,Buena,derrotas,Regular,derrotas,player2,True,False,False
12,-4,0.6231884057971014,50.0,-1,0.63,-233.0,387.0,0.56,1.13,0.6,0.59,0.48,125.0,0.23,0,58.0,1695,55.0,10.0,0.34,1577,1.19,28.816890493998127,620.0,118,Clay,Regular,derrotas,Regular,derrotas,player1,True,False,False
0,-1,0.5342960288808665,30.8,-2,0.48,-1031.0,1184.0,0.2,1.2,0.32,0.0,0.33,10.0,0.0,0,1.0,1464,40.0,9.0,0.0,1503,1.23,30.52678169703232,2215.0,-39,Clay,Regular,derrotas,Mala,derrotas,player2,True,False,False
11,-3,1.1663585951940851,20.0,-2,0.46,181.0,1262.0,0.38,0.92,0.5,0.48,0.38,8.0,0.21,0,14.0,1467,30.0,16.0,0.53,1418,1.06,40.997102525759125,1081.0,49,Clay,Mala,derrotas,Mala,derrotas,player2,True,False,False
1,1,2.7280927835051547,45.0,1,0.35,1342.0,2117.0,0.42,1.29,0.58,0.0,0.44,1.0,0.0,0,38.0,1552,45.5,11.0,0.0,1550,1.3,45.12364354449943,775.0,2,Clay,Regular,victorias,Regular,victorias,player2,True,False,False
4,-1,0.9405594405594405,70.0,7,0.64,-16.0,269.0,0.59,1.34,0.7,0.24,0.52,193.0,0.12,2,187.0,1842,85.0,6.0,0.24,1710,1.54,52.006194171710156,285.0,132,Clay,Excelente,victorias,Buena,derrotas,player1,True,False,False
6,-3,1.3197115384615385,50.0,-1,0.49,267.0,1098.0,0.31,1.24,0.53,0.0,0.44,13.0,0.14,0,32.0,1555,45.0,10.0,0.51,1556,1.21,45.61126861699631,831.0,-1,Clay,Regular,derrotas,Regular,derrotas,player2,True,False,False
1,1,2.7280927835051547,45.0,1,0.35,1342.0,2117.0,0.42,1.27,0.58,0.0,0.44,1.0,0.0,0,38.0,1552,45.5,11.0,0.0,1550,1.32,45.123336892097576,775.0,2,Clay,Regular,victorias,Regular,victorias,player2,True,False,False
12,2,0.3157894736842105,45.0,-1,1.15,-77.0,36.0,0.44,1.44,1.03,0.13,0.52,1328.0,0.27,1,697.0,1769,45.0,11.0,0.09,1657,1.39,45.43141360185627,113.0,112,Grass,Regular,derrotas,Regular,victorias,player2,False,True,False
5,2,0.21487603305785125,75.0,-1,1.15,-94.0,26.0,0.0,1.69,1.03,0.02,0.0,1631.0,0.27,1,668.0,1822,60.0,5.0,0.0,1782,1.51,38.96904655360048,120.0,40,Grass,Buena,derrotas,Excelente,victorias,player1,False,True,False
0,-2,0.7644301934717853,0.0,-1,0.57,-338.5413140022392,506.0,0.48,0.0,0.0,0.0,0.0,107.0,0.27,0,57.88694964758413,1612,40.0,2.0,0.0,1467,1.25,45.292658934555746,879.3866167535423,145,Clay,Regular,derrotas,Mala,derrotas,player1,True,False,False
3,-5,0.3991189427312775,40.0,-3,0.58,-681.0,453.0,0.5,1.2,0.49,0.2,0.5,124.0,0.26,0,13.0,1533,30.0,12.0,0.23,1613,1.16,44.43858252644143,1134.0,-80,Clay,Mala,derrotas,Regular,derrotas,player2,True,False,False
2,-1,0.5894039735099338,50.0,-3,0.65,-123.0,178.0,0.58,1.24,0.64,0.35,0.55,328.0,0.27,0,176.0,1711,65.0,10.0,0.0,1602,1.35,61.128542671523476,301.0,109,Clay,Buena,derrotas,Regular,derrotas,player1,True,False,False
4,-1,1.5564516129032258,55.0,-1,0.6,208.0,579.0,0.52,1.27,0.63,0.29,0.53,67.0,0.23,0,131.0,1644,60.0,9.0,0.34,1672,1.3,53.96618527250077,371.0,-28,Clay,Buena,derrotas,Regular,derrotas,player2,True,False,False
6,-1,1.4390243902439024,50.0,-1,0.6,181.0,590.0,0.51,1.24,0.62,0.0,0.52,64.0,0.19,0,116.0,1628,50.0,10.0,0.43,1676,1.24,52.043284798920745,409.0,-48,Clay,Regular,derrotas,Regular,derrotas,player2,True,False,False
12,-4,0.6231884057971014,50.0,-1,0.63,-233.0,387.0,0.56,1.13,0.6,0.59,0.48,125.0,0.23,0,58.0,1695,55.0,10.0,0.34,1577,1.19,28.816890493998127,620.0,118,Clay,Regular,derrotas,Regular,derrotas,player1,True,False,False
7,-1,1.3095238095238095,65.0,-3,0.63,92.0,385.0,0.56,1.3,0.64,0.15,0.5,126.0,0.12,1,179.0,1677,55.0,7.0,0.22,1699,1.25,73.06805892313221,293.0,-22,Clay,Regular,derrotas,Buena,derrotas,player1,True,False,False
3,-2,0.29130434782608694,30.0,2,0.63,-814.0,335.0,0.53,1.11,0.53,0.3,0.33,150.0,0.2,0,11.0,1629,55.0,14.0,0.15,1472,1.34,43.06321758324543,1149.0,157,Clay,Regular,victorias,Mala,derrotas,player1,True,False,False
5,-1,1.2990654205607477,35.0,-1,0.63,33.0,139.0,0.69,1.14,0.67,0.22,0.56,546.0,0.27,2,729.0,1779,65.0,13.0,0.15,1680,1.3,37.196702956616825,106.0,99,Clay,Buena,derrotas,Mala,derrotas,player2,True,False,False
4,-1,2.634492909997052,50.0,-1,0.0,186.70419683882258,299.1677326723063,0.62,1.25,0.67,0.26,0.6,433.46268198857894,0.27,0,681.0,1709,60.0,10.0,0.48,1699,1.3,21.07808736479709,118.0,10,Clay,Buena,derrotas,Regular,derrotas,player2,True,False,False
4,-4,0.484375,25.0,-4,0.67,-131.0,124.0,0.29,1.06,0.65,0.31,0.59,651.0,0.27,0,270.0,1597,40.0,15.0,0.11,1549,1.18,42.43058489047161,255.0,48,Clay,Regular,derrotas,Mala,derrotas,player1,True,False,False
2,-1,1.8238636363636365,45.0,1,0.64,146.0,321.0,0.51,1.22,0.66,0.24,0.53,201.0,0.26,0,422.0,1641,55.0,11.0,0.26,1628,1.35,70.5270798541944,175.0,13,Clay,Regular,victorias,Regular,derrotas,player2,True,False,False
1,-1,0.33580361278369614,22.2,-2,0.91,-1433.0,725.0,0.41,1.08,0.54,0.0,0.21,42.0,0.16,0,1.0,1609,50.0,7.0,0.06,1446,1.3,28.59120852398759,2158.0,163,Hard,Regular,derrotas,Mala,derrotas,player2,False,False,True
1,-1,1.5711009174311927,40.0,-1,0.74,499.0,1370.0,0.36,1.26,0.87,0.0,0.36,6.0,0.21,0,28.0,1468,30.0,12.0,0.09,1518,1.14,43.42402731491269,871.0,-50,Hard,Mala,derrotas,Regular,derrotas,player2,False,False,True
2,-2,1.1814159292035398,65.0,-1,0.89,124.0,801.0,0.41,1.36,0.91,0.0,0.41,35.0,0.21,0,49.0,1632,50.0,7.0,0.09,1653,1.29,55.98175693588991,677.0,-21,Hard,Regular,derrotas,Buena,derrotas,player2,False,False,True
8,-5,3.4376631447411765,35.0,1,0.0,89.47325055700591,147.28274017830162,0.54,1.3,1.05,0.09,0.0,598.1809857013515,0.27,0,1283.0,1766,30.0,13.0,0.04,1743,1.36,68.5982188387199,35.0,23,Grass,Mala,victorias,Mala,derrotas,player1,False,True,False
3,-1,1.1824907521578298,55.0,-1,0.52,149.0,959.0,0.43,1.31,0.53,0.0,0.39,21.0,0.21,0,34.0,1582,50.0,9.0,0.0,1623,1.28,54.773414687081804,810.0,-41,Clay,Regular,derrotas,Regular,derrotas,player2,True,False,False
3,-2,0.43068181818181817,45.0,-1,0.58,-500.0,379.0,0.46,1.24,0.52,0.41,0.4,127.0,0.25,0,27.0,1684,50.0,11.0,0.0,1529,1.27,42.5602754709217,879.0,155,Clay,Regular,derrotas,Regular,derrotas,player1,True,False,False
5,2,0.9350282485875706,60.0,-1,0.63,-22.0,331.0,0.57,1.37,0.63,0.0,0.51,152.0,0.24,2,141.0,1661,60.0,8.0,0.32,1658,1.27,53.97814533594658,353.0,3,Clay,Buena,derrotas,Buena,victorias,player1,True,False,False
1,-2,0.8246153846153846,55.0,-4,0.94,-113.0,536.0,0.38,1.35,0.92,0.0,0.38,78.0,0.16,0,53.0,1644,60.0,9.0,0.0,1646,1.33,26.884498696431056,649.0,-2,Hard,Buena,derrotas,Regular,derrotas,player1,False,False,True
3,-1,0.619281045751634,45.0,-2,0.96,-232.0,379.0,0.42,1.26,0.93,0.1,0.42,127.0,0.25,0,60.0,1589,40.0,11.0,0.12,1591,1.19,29.54970369825463,611.0,-2,Hard,Regular,derrotas,Regular,derrotas,player2,False,False,True
7,-1,1.1186094069529653,65.0,-1,0.95,59.0,547.0,0.4,1.29,0.91,0.22,0.42,96.0,0.23,1,112.0,1636,60.0,7.0,0.19,1661,1.27,59.72800727290827,488.0,-25,Hard,Buena,derrotas,Buena,derrotas,player2,False,False,True
6,1,1.3197115384615385,55.0,-2,0.49,267.0,1098.0,0.3,1.3,0.53,0.0,0.45,13.0,0.14,0,32.0,1535,45.0,9.0,0.51,1584,1.21,45.948760231303304,831.0,-49,Clay,Regular,derrotas,Regular,victorias,player2,True,False,False
1,1,2.7280927835051547,45.0,1,0.35,1342.0,2117.0,0.42,1.27,0.58,0.0,0.44,1.0,0.0,0,38.0,1552,45.5,11.0,0.0,1550,1.32,45.123336892097576,775.0,2,Clay,Regular,victorias,Regular,victorias,player2,True,False,False
12,3,0.3157894736842105,50.0,-2,1.15,-77.0,36.0,0.42,1.47,1.03,0.13,0.6,1328.0,0.27,1,697.0,1749,45.0,10.0,0.09,1684,1.37,45.47980677268971,113.0,65,Grass,Regular,derrotas,Regular,victorias,player2,False,True,False
5,2,0.21487603305785125,75.0,-1,1.15,-94.0,26.0,0.0,1.69,1.03,0.02,0.0,1631.0,0.27,1,668.0,1822,60.0,5.0,0.0,1782,1.51,38.96904655360048,120.0,40,Grass,Buena,derrotas,Excelente,victorias,player1,False,True,False
0,-2,0.7644301934717853,0.0,-1,0.57,-338.5413140022392,506.0,0.48,0.0,0.0,0.0,0.0,107.0,0.27,0,57.88694964758413,1612,40.0,2.0,0.0,1467,1.25,45.292658934555746,879.3866167535423,145,Clay,Regular,derrotas,Mala,derrotas,player1,True,False,False
3,-5,0.3991189427312775,40.0,-3,0.58,-681.0,453.0,0.5,1.2,0.49,0.2,0.5,124.0,0.26,0,13.0,1533,30.0,12.0,0.23,1613,1.16,44.43858252644143,1134.0,-80,Clay,Mala,derrotas,Regular,derrotas,player2,True,False,False
2,-1,0.5894039735099338,50.0,-3,0.65,-123.0,178.0,0.58,1.24,0.64,0.35,0.55,328.0,0.27,0,176.0,1711,65.0,10.0,0.0,1602,1.35,61.128542671523476,301.0,109,Clay,Buena,derrotas,Regular,derrotas,player1,True,False,False
4,1,1.5564516129032258,60.0,-2,0.6,208.0,579.0,0.52,1.33,0.63,0.26,0.53,67.0,0.23,0,131.0,1627,55.0,8.0,0.34,1684,1.27,51.94668626388586,371.0,-57,Clay,Regular,derrotas,Buena,victorias,player2,True,False,False
6,-1,1.4390243902439024,50.0,-1,0.6,181.0,590.0,0.51,1.24,0.62,0.0,0.52,64.0,0.19,0,116.0,1628,50.0,10.0,0.43,1676,1.24,52.043284798920745,409.0,-48,Clay,Regular,derrotas,Regular,derrotas,player2,True,False,False
12,-4,0.6231884057971014,50.0,-1,0.63,-233.0,387.0,0.56,1.13,0.6,0.59,0.48,125.0,0.23,0,58.0,1695,55.0,10.0,0.34,1577,1.19,28.816890493998127,620.0,118,Clay,Regular,derrotas,Regular,derrotas,player1,True,False,False
7,-1,1.3095238095238095,65.0,-3,0.63,92.0,385.0,0.56,1.3,0.64,0.15,0.5,126.0,0.12,1,179.0,1677,55.0,7.0,0.22,1699,1.25,73.06805892313221,293.0,-22,Clay,Regular,derrotas,Buena,derrotas,player1,True,False,False
3,-2,0.29130434782608694,30.0,2,0.63,-814.0,335.0,0.53,1.11,0.53,0.3,0.33,150.0,0.2,0,11.0,1629,55.0,14.0,0.15,1472,1.34,43.06321758324543,1149.0,157,Clay,Regular,victorias,Mala,derrotas,player1,True,False,False
5,-1,1.2990654205607477,35.0,-1,0.63,33.0,139.0,0.69,1.14,0.67,0.22,0.56,546.0,0.27,2,729.0,1779,65.0,13.0,0.15,1680,1.3,37.196702956616825,106.0,99,Clay,Buena,derrotas,Mala,derrotas,player2,True,False,False
4,-1,2.634492909997052,50.0,-1,0.0,186.70419683882258,299.1677326723063,0.62,1.25,0.67,0.26,0.6,433.46268198857894,0.27,0,681.0,1709,60.0,10.0,0.48,1699,1.3,21.07808736479709,118.0,10,Clay,Buena,derrotas,Regular,derrotas,player2,True,False,False
4,-4,0.484375,25.0,-4,0.67,-131.0,124.0,0.29,1.06,0.65,0.31,0.59,651.0,0.27,0,270.0,1597,40.0,15.0,0.11,1549,1.18,42.43058489047161,255.0,48,Clay,Regular,derrotas,Mala,derrotas,player1,True,False,False
2,-1,1.8238636363636365,45.0,1,0.64,146.0,321.0,0.51,1.22,0.66,0.24,0.53,201.0,0.26,0,422.0,1641,55.0,11.0,0.26,1628,1.35,70.5270798541944,175.0,13,Clay,Regular,victorias,Regular,derrotas,player2,True,False,False
1,-1,0.33580361278369614,22.2,-2,0.91,-1433.0,725.0,0.41,1.08,0.54,0.0,0.21,42.0,0.16,0,1.0,1609,50.0,7.0,0.06,1446,1.3,28.59120852398759,2158.0,163,Hard,Regular,derrotas,Mala,derrotas,player2,False,False,True
1,-1,1.5711009174311927,40.0,-1,0.74,499.0,1370.0,0.36,1.26,0.87,0.0,0.36,6.0,0.21,0,28.0,1468,30.0,12.0,0.09,1518,1.14,43.42402731491269,871.0,-50,Hard,Mala,derrotas,Regular,derrotas,player2,False,False,True
2,-2,1.1814159292035398,65.0,-1,0.89,124.0,801.0,0.41,1.36,0.91,0.0,0.41,35.0,0.21,0,49.0,1632,50.0,7.0,0.09,1653,1.29,55.98175693588991,677.0,-21,Hard,Regular,derrotas,Buena,derrotas,player2,False,False,True
8,-5,3.4376631447411765,35.0,1,0.0,89.47325055700591,147.28274017830162,0.54,1.3,1.05,0.09,0.0,598.1809857013515,0.27,0,1283.0,1766,30.0,13.0,0.04,1743,1.36,68.5982188387199,35.0,23,Grass,Mala,victorias,Mala,derrotas,player1,False,True,False
3,-1,1.1824907521578298,55.0,-1,0.52,149.0,959.0,0.43,1.31,0.53,0.0,0.39,21.0,0.21,0,34.0,1582,50.0,9.0,0.0,1623,1.28,54.773414687081804,810.0,-41,Clay,Regular,derrotas,Regular,derrotas,player2,True,False,False
3,-2,0.43068181818181817,45.0,-1,0.58,-500.0,379.0,0.46,1.24,0.52,0.41,0.4,127.0,0.25,0,27.0,1684,50.0,11.0,0.0,1529,1.27,42.5602754709217,879.0,155,Clay,Regular,derrotas,Regular,derrotas,player1,True,False,False
5,2,0.9350282485875706,60.0,-1,0.63,-22.0,331.0,0.57,1.37,0.63,0.0,0.51,152.0,0.24,2,141.0,1661,60.0,8.0,0.32,1658,1.27,53.97814533594658,353.0,3,Clay,Buena,derrotas,Buena,victorias,player1,True,False,False
1,-2,0.8246153846153846,55.0,-4,0.94,-113.0,536.0,0.38,1.35,0.92,0.0,0.38,78.0,0.16,0,53.0,1644,60.0,9.0,0.0,1646,1.33,26.884498696431056,649.0,-2,Hard,Buena,derrotas,Regular,derrotas,player1,False,False,True
3,-1,0.619281045751634,45.0,-2,0.96,-232.0,379.0,0.42,1.26,0.93,0.1,0.42,127.0,0.25,0,60.0,1589,40.0,11.0,0.12,1591,1.19,29.54970369825463,611.0,-2,Hard,Regular,derrotas,Regular,derrotas,player2,False,False,True
7,-1,1.1186094069529653,65.0,-1,0.95,59.0,547.0,0.4,1.29,0.91,0.22,0.42,96.0,0.23,1,112.0,1636,60.0,7.0,0.19,1661,1.27,59.72800727290814,488.0,-25,Hard,Buena,derrotas,Buena,derrotas,player2,False,False,True
