p1_common_opponents_score,p1_strength_of_schedule_score,match_competitiveness,p2_ranking_momentum_score,p2_ranking,p1_surface_specialization_score,p2_surface_specialization_score,ranking_diff,p2_current_streak_count,common_opponents_count,p1_ranking,p2_regional_comfort_win_rate,p2_form_recent_score,p2_pts,ranking_ratio,elo_diff,p2_form_win_percentage,p2_elo,p1_pts,p2_common_opponents_score,p2_form_losses,p1_ranking_momentum_score,p1_current_streak_count,p1_elo,p1_form_win_percentage,p1_form_recent_score,tipo_cancha,p1_form_status,p1_current_streak_type,p2_form_status,p2_current_streak_type,actual_winner,surface_Clay,surface_Grass,surface_Hard
0.85,0.0,2,1.13,85.0,0.0,0.0,-14.0,-1,6,71.0,37.5,0.69,667.0,0.8255813953488372,-117,50.0,1877,775.0,0.39,10.0,1.04,-3,1760,50.0,0.69,Harditf women: 12finisheddmitruk k.khomutsianskaya d.mansouri y.milovanovic e.207575--,Regular,derrotas,Regular,derrotas,player2,False,False,False
0.0,0.0,1,1.13,94.0,0.0,0.0,72.0,-1,4,166.0,50.0,0.71,625.0,1.7473684210526317,-137,55.0,1840,345.0,0.66,9.0,1.14,3,1703,65.0,0.78,Harditf women: 12finisheddmitruk k.khomutsianskaya d.mansouri y.milovanovic e.207575--,Buena,victorias,Regular,derrotas,player2,False,False,False
0.92,0.0,1,1.04,73.0,0.0,0.0,-62.0,-3,8,11.0,40.0,0.68,763.0,0.14864864864864866,260,45.0,1804,2960.0,0.0,11.0,1.08,5,2064,75.0,0.86,Harditf women: 12finisheddmitruk k.khomutsianskaya d.mansouri y.milovanovic e.207575--,Excelente,victorias,Regular,derrotas,player1,False,False,False
0.32,0.0,1,1.13,63.0,0.0,0.0,68.0,-1,2,131.0,42.9,0.68,848.0,2.046875,-44,45.0,1850,454.0,0.49,11.0,1.15,3,1806,60.0,0.77,Harditf women: 12finisheddmitruk k.khomutsianskaya d.mansouri y.milovanovic e.207575--,Buena,victorias,Regular,derrotas,player2,False,False,False
0.6,0.0,2,1.02,116.0,0.0,0.0,-34.0,1,4,82.0,50.0,0.71,498.0,0.7008547008547008,-53,50.0,1812,700.0,0.0,10.0,1.03,-1,1759,60.0,0.72,Harditf women: 12finisheddmitruk k.khomutsianskaya d.mansouri y.milovanovic e.207575--,Buena,derrotas,Regular,victorias,player2,False,False,False
0.84,0.0,2,1.04,58.0,0.0,0.0,-35.0,-2,9,23.0,0.0,0.66,889.0,0.3898305084745763,250,40.0,1726,1625.0,0.47,12.0,1.15,-1,1976,60.0,0.72,Harditf women: 12finisheddmitruk k.khomutsianskaya d.mansouri y.milovanovic e.207575--,Buena,derrotas,Regular,derrotas,player1,False,False,False
0.79,0.0,2,1.13,65.0,0.0,0.0,-32.0,-1,9,33.0,63.6,0.71,845.0,0.5,121,55.0,1882,1335.0,0.82,9.0,1.05,1,2003,75.0,0.77,Harditf women: 12finisheddmitruk k.khomutsianskaya d.mansouri y.milovanovic e.207575--,Excelente,victorias,Regular,derrotas,player1,False,False,False
0.0,0.0,3,1.13,92.0,0.0,0.0,10.0,-1,3,102.0,42.9,0.71,631.0,1.096774193548387,-184,55.0,1885,596.0,0.68,9.0,1.03,-1,1701,55.0,0.71,Harditf women: 12finisheddmitruk k.khomutsianskaya d.mansouri y.milovanovic e.207575--,Regular,derrotas,Regular,derrotas,player1,False,False,False
0.96,0.0,2,1.04,69.0,0.0,0.0,-27.0,-2,10,42.0,62.5,0.66,790.0,0.6,-16,40.0,1848,1123.0,0.65,12.0,1.05,-3,1832,45.0,0.68,Harditf women: 12finisheddmitruk k.khomutsianskaya d.mansouri y.milovanovic e.207575--,Regular,derrotas,Regular,derrotas,player2,False,False,False
0.77,0.0,2,1.03,87.0,0.0,0.0,-28.0,-2,6,59.0,50.0,0.68,665.0,0.6704545454545454,112,45.0,1787,878.0,0.42,11.0,1.04,-1,1899,55.0,0.71,Harditf women: 12finisheddmitruk k.khomutsianskaya d.mansouri y.milovanovic e.207575--,Regular,derrotas,Regular,derrotas,player1,False,False,False
0.0,0.1,3,0.52,8.0,0.85,0.82,6.0,5,1,14.0,66.7,1.56,3881.0,1.5555555555555556,12,85.0,1704,2507.0,0.3,3.0,0.52,17,1716,90.0,1.56,Clay,Excelente,victorias,Excelente,victorias,player2,True,False,False
0.0,0.1,3,0.52,8.0,0.85,0.82,6.0,5,1,14.0,66.7,1.56,3881.0,1.5555555555555556,12,85.0,1704,2507.0,0.3,3.0,0.52,17,1716,90.0,1.56,Clay,Excelente,victorias,Excelente,victorias,player2,True,False,False
0.0,0.1,3,0.52,8.0,0.85,0.82,6.0,5,1,14.0,66.7,1.56,3881.0,1.5555555555555556,12,85.0,1704,2507.0,0.3,3.0,0.52,17,1716,90.0,1.56,Clay,Excelente,victorias,Excelente,victorias,player2,True,False,False
0.0,0.1,3,0.52,8.0,0.85,0.82,6.0,5,1,14.0,66.7,1.56,3881.0,1.5555555555555556,12,85.0,1704,2507.0,0.3,3.0,0.52,17,1716,90.0,1.56,Clay,Excelente,victorias,Excelente,victorias,player2,True,False,False
0.0,0.1,3,0.52,8.0,0.85,0.82,6.0,5,1,14.0,66.7,1.56,3881.0,1.5555555555555556,12,85.0,1704,2507.0,0.3,3.0,0.52,17,1716,90.0,1.56,Clay,Excelente,victorias,Excelente,victorias,player2,True,False,False
0.0,0.1,3,0.52,8.0,0.85,0.82,6.0,5,1,14.0,66.7,1.56,3881.0,1.5555555555555556,12,85.0,1704,2507.0,0.3,3.0,0.52,17,1716,90.0,1.56,Clay,Excelente,victorias,Excelente,victorias,player2,True,False,False
0.0,0.1,1,0.51,89.0,0.77,0.78,-68.0,8,1,21.0,60.0,1.56,840.0,0.23333333333333334,-89,80.0,1673,1856.0,0.3,4.0,0.52,5,1584,60.0,1.55,Clay,Buena,victorias,Excelente,victorias,player2,True,False,False
0.0,0.1,1,0.51,89.0,0.77,0.78,-68.0,8,1,21.0,60.0,1.56,840.0,0.23333333333333334,-89,80.0,1673,1856.0,0.3,4.0,0.52,5,1584,60.0,1.55,Clay,Buena,victorias,Excelente,victorias,player2,True,False,False
0.0,0.1,1,0.51,89.0,0.77,0.78,-68.0,8,1,21.0,60.0,1.56,840.0,0.23333333333333334,-89,80.0,1673,1856.0,0.3,4.0,0.52,5,1584,60.0,1.55,Clay,Buena,victorias,Excelente,victorias,player2,True,False,False
0.0,0.1,1,0.51,89.0,0.77,0.78,-68.0,8,1,21.0,60.0,1.56,840.0,0.23333333333333334,-89,80.0,1673,1856.0,0.3,4.0,0.52,5,1584,60.0,1.55,Clay,Buena,victorias,Excelente,victorias,player2,True,False,False
0.0,0.1,1,0.51,89.0,0.77,0.78,-68.0,8,1,21.0,60.0,1.56,840.0,0.23333333333333334,-89,80.0,1673,1856.0,0.3,4.0,0.52,5,1584,60.0,1.55,Clay,Buena,victorias,Excelente,victorias,player2,True,False,False
0.0,0.1,1,0.51,89.0,0.77,0.78,-68.0,8,1,21.0,60.0,1.56,840.0,0.23333333333333334,-89,80.0,1673,1856.0,0.3,4.0,0.52,5,1584,60.0,1.55,Clay,Buena,victorias,Excelente,victorias,player2,True,False,False
0.0,0.1,3,0.52,8.0,0.85,0.82,6.0,5,1,14.0,66.7,1.56,3881.0,1.5555555555555556,12,85.0,1704,2507.0,0.3,3.0,0.52,17,1716,90.0,1.56,Clay,Excelente,victorias,Excelente,victorias,player2,True,False,False
0.0,0.1,3,0.52,8.0,0.85,0.82,6.0,5,1,14.0,66.7,1.56,3881.0,1.5555555555555556,12,85.0,1704,2507.0,0.3,3.0,0.52,17,1716,90.0,1.56,Clay,Excelente,victorias,Excelente,victorias,player2,True,False,False
0.0,0.1,3,0.52,8.0,0.85,0.82,6.0,5,1,14.0,66.7,1.56,3881.0,1.5555555555555556,12,85.0,1704,2507.0,0.3,3.0,0.52,17,1716,90.0,1.56,Clay,Excelente,victorias,Excelente,victorias,player2,True,False,False
0.0,0.1,3,0.52,8.0,0.85,0.82,6.0,5,1,14.0,66.7,1.56,3881.0,1.5555555555555556,12,85.0,1704,2507.0,0.3,3.0,0.52,17,1716,90.0,1.56,Clay,Excelente,victorias,Excelente,victorias,player2,True,False,False
0.0,0.1,3,0.52,8.0,0.85,0.82,6.0,5,1,14.0,66.7,1.56,3881.0,1.5555555555555556,12,85.0,1704,2507.0,0.3,3.0,0.52,17,1716,90.0,1.56,Clay,Excelente,victorias,Excelente,victorias,player2,True,False,False
0.0,0.1,3,0.52,8.0,0.85,0.82,6.0,5,1,14.0,66.7,1.56,3881.0,1.5555555555555556,12,85.0,1704,2507.0,0.3,3.0,0.52,17,1716,90.0,1.56,Clay,Excelente,victorias,Excelente,victorias,player2,True,False,False
0.0,0.1,1,0.51,89.0,0.77,0.78,-68.0,8,1,21.0,60.0,1.56,840.0,0.23333333333333334,-89,80.0,1673,1856.0,0.3,4.0,0.52,5,1584,60.0,1.55,Clay,Buena,victorias,Excelente,victorias,player2,True,False,False
0.0,0.1,1,0.51,89.0,0.77,0.78,-68.0,8,1,21.0,60.0,1.56,840.0,0.23333333333333334,-89,80.0,1673,1856.0,0.3,4.0,0.52,5,1584,60.0,1.55,Clay,Buena,victorias,Excelente,victorias,player2,True,False,False
0.0,0.1,1,0.51,89.0,0.77,0.78,-68.0,8,1,21.0,60.0,1.56,840.0,0.23333333333333334,-89,80.0,1673,1856.0,0.3,4.0,0.52,5,1584,60.0,1.55,Clay,Buena,victorias,Excelente,victorias,player2,True,False,False
0.0,0.1,1,0.51,89.0,0.77,0.78,-68.0,8,1,21.0,60.0,1.56,840.0,0.23333333333333334,-89,80.0,1673,1856.0,0.3,4.0,0.52,5,1584,60.0,1.55,Clay,Buena,victorias,Excelente,victorias,player2,True,False,False
0.0,0.1,1,0.51,89.0,0.77,0.78,-68.0,8,1,21.0,60.0,1.56,840.0,0.23333333333333334,-89,80.0,1673,1856.0,0.3,4.0,0.52,5,1584,60.0,1.55,Clay,Buena,victorias,Excelente,victorias,player2,True,False,False
0.0,0.1,1,0.51,89.0,0.77,0.78,-68.0,8,1,21.0,60.0,1.56,840.0,0.23333333333333334,-89,80.0,1673,1856.0,0.3,4.0,0.52,5,1584,60.0,1.55,Clay,Buena,victorias,Excelente,victorias,player2,True,False,False
0.75,0.1,3,0.52,8.0,0.73,0.67,6.0,5,9,14.0,66.7,1.38,3881.0,1.5555555555555556,33,85.0,2031,2507.0,0.0,3.0,0.52,17,2064,90.0,1.38,Clay,Excelente,victorias,Excelente,victorias,player2,True,False,False
0.75,0.1,3,0.52,8.0,0.73,0.67,6.0,5,9,14.0,66.7,1.38,3881.0,1.5555555555555556,33,85.0,2031,2507.0,0.0,3.0,0.52,17,2064,90.0,1.38,Clay,Excelente,victorias,Excelente,victorias,player2,True,False,False
0.75,0.1,3,0.52,8.0,0.73,0.67,6.0,5,9,14.0,66.7,1.38,3881.0,1.5555555555555556,33,85.0,2031,2507.0,0.0,3.0,0.52,17,2064,90.0,1.38,Clay,Excelente,victorias,Excelente,victorias,player2,True,False,False
0.75,0.1,3,0.52,8.0,0.73,0.67,6.0,5,9,14.0,66.7,1.38,3881.0,1.5555555555555556,33,85.0,2031,2507.0,0.0,3.0,0.52,17,2064,90.0,1.38,Clay,Excelente,victorias,Excelente,victorias,player2,True,False,False
0.75,0.1,3,0.52,8.0,0.73,0.67,6.0,5,9,14.0,66.7,1.38,3881.0,1.5555555555555556,33,85.0,2031,2507.0,0.0,3.0,0.52,17,2064,90.0,1.38,Clay,Excelente,victorias,Excelente,victorias,player2,True,False,False
0.75,0.1,3,0.52,8.0,0.73,0.67,6.0,5,9,14.0,66.7,1.38,3881.0,1.5555555555555556,33,85.0,2031,2507.0,0.0,3.0,0.52,17,2064,90.0,1.38,Clay,Excelente,victorias,Excelente,victorias,player2,True,False,False
0.0,0.1,1,0.51,89.0,0.64,0.52,-68.0,8,3,21.0,60.0,1.53,840.0,0.23333333333333334,82,80.0,1853,1856.0,0.52,4.0,0.52,5,1935,60.0,1.52,Clay,Buena,victorias,Excelente,victorias,player2,True,False,False
0.0,0.1,1,0.51,89.0,0.64,0.52,-68.0,8,3,21.0,60.0,1.53,840.0,0.23333333333333334,82,80.0,1853,1856.0,0.52,4.0,0.52,5,1935,60.0,1.52,Clay,Buena,victorias,Excelente,victorias,player2,True,False,False
0.0,0.1,1,0.51,89.0,0.64,0.52,-68.0,8,3,21.0,60.0,1.53,840.0,0.23333333333333334,82,80.0,1853,1856.0,0.52,4.0,0.52,5,1935,60.0,1.52,Clay,Buena,victorias,Excelente,victorias,player2,True,False,False
0.0,0.1,1,0.51,89.0,0.64,0.52,-68.0,8,3,21.0,60.0,1.53,840.0,0.23333333333333334,82,80.0,1853,1856.0,0.52,4.0,0.52,5,1935,60.0,1.52,Clay,Buena,victorias,Excelente,victorias,player2,True,False,False
0.0,0.1,1,0.51,89.0,0.64,0.52,-68.0,8,3,21.0,60.0,1.53,840.0,0.23333333333333334,82,80.0,1853,1856.0,0.52,4.0,0.52,5,1935,60.0,1.52,Clay,Buena,victorias,Excelente,victorias,player2,True,False,False
0.0,0.1,1,0.51,89.0,0.64,0.52,-68.0,8,3,21.0,60.0,1.53,840.0,0.23333333333333334,82,80.0,1853,1856.0,0.52,4.0,0.52,5,1935,60.0,1.52,Clay,Buena,victorias,Excelente,victorias,player2,True,False,False
0.75,0.1,3,0.52,8.0,0.73,0.67,6.0,5,9,14.0,66.7,1.38,3881.0,1.5555555555555556,33,85.0,2031,2507.0,0.0,3.0,0.52,17,2064,90.0,1.38,Clay,Excelente,victorias,Excelente,victorias,player2,True,False,False
0.75,0.1,3,0.52,8.0,0.73,0.67,6.0,5,9,14.0,66.7,1.38,3881.0,1.5555555555555556,33,85.0,2031,2507.0,0.0,3.0,0.52,17,2064,90.0,1.38,Clay,Excelente,victorias,Excelente,victorias,player2,True,False,False
0.75,0.1,3,0.52,8.0,0.73,0.67,6.0,5,9,14.0,66.7,1.38,3881.0,1.5555555555555556,33,85.0,2031,2507.0,0.0,3.0,0.52,17,2064,90.0,1.38,Clay,Excelente,victorias,Excelente,victorias,player2,True,False,False
0.75,0.1,3,0.52,8.0,0.73,0.67,6.0,5,9,14.0,66.7,1.38,3881.0,1.5555555555555556,33,85.0,2031,2507.0,0.0,3.0,0.52,17,2064,90.0,1.38,Clay,Excelente,victorias,Excelente,victorias,player2,True,False,False
0.75,0.1,3,0.52,8.0,0.73,0.67,6.0,5,9,14.0,66.7,1.38,3881.0,1.5555555555555556,33,85.0,2031,2507.0,0.0,3.0,0.52,17,2064,90.0,1.38,Clay,Excelente,victorias,Excelente,victorias,player2,True,False,False
0.75,0.1,3,0.52,8.0,0.73,0.67,6.0,5,9,14.0,66.7,1.38,3881.0,1.5555555555555556,33,85.0,2031,2507.0,0.0,3.0,0.52,17,2064,90.0,1.38,Clay,Excelente,victorias,Excelente,victorias,player2,True,False,False
0.0,0.1,1,0.51,89.0,0.64,0.52,-68.0,8,3,21.0,60.0,1.53,840.0,0.23333333333333334,82,80.0,1853,1856.0,0.52,4.0,0.52,5,1935,60.0,1.52,Clay,Buena,victorias,Excelente,victorias,player2,True,False,False
0.0,0.1,1,0.51,89.0,0.64,0.52,-68.0,8,3,21.0,60.0,1.53,840.0,0.23333333333333334,82,80.0,1853,1856.0,0.52,4.0,0.52,5,1935,60.0,1.52,Clay,Buena,victorias,Excelente,victorias,player2,True,False,False
0.0,0.1,1,0.51,89.0,0.64,0.52,-68.0,8,3,21.0,60.0,1.53,840.0,0.23333333333333334,82,80.0,1853,1856.0,0.52,4.0,0.52,5,1935,60.0,1.52,Clay,Buena,victorias,Excelente,victorias,player2,True,False,False
0.0,0.1,1,0.51,89.0,0.64,0.52,-68.0,8,3,21.0,60.0,1.53,840.0,0.23333333333333334,82,80.0,1853,1856.0,0.52,4.0,0.52,5,1935,60.0,1.52,Clay,Buena,victorias,Excelente,victorias,player2,True,False,False
0.0,0.1,1,0.51,89.0,0.64,0.52,-68.0,8,3,21.0,60.0,1.53,840.0,0.23333333333333334,82,80.0,1853,1856.0,0.52,4.0,0.52,5,1935,60.0,1.52,Clay,Buena,victorias,Excelente,victorias,player2,True,False,False
0.0,0.1,1,0.51,89.0,0.64,0.52,-68.0,8,3,21.0,60.0,1.53,840.0,0.23333333333333334,82,80.0,1853,1856.0,0.52,4.0,0.52,5,1935,60.0,1.52,Clay,Buena,victorias,Excelente,victorias,player2,True,False,False
-0.0,0.23,0,1.03,78.0,0.0,0.0,148.0,1,1,226.0,33.3,1.54,747.0,2.8607594936708862,-25,45.0,1742,256.0,-0.0,11.0,0.99,1,1717,60.0,1.62,Grass,Buena,victorias,Regular,victorias,player2,False,True,False
-0.0,0.23,0,1.03,78.0,0.0,0.0,148.0,1,1,226.0,33.3,1.54,747.0,2.8607594936708862,-25,45.0,1742,256.0,-0.0,11.0,0.99,1,1717,60.0,1.62,Grass,Buena,victorias,Regular,victorias,player2,False,True,False
0.04,0.27,1,1.0,184.0,0.0,0.49,-80.0,3,9,104.0,58.3,1.59,315.0,0.5621621621621622,21,55.0,1659,596.0,0.05,9.0,1.03,1,1680,55.0,1.48,Grass,Regular,victorias,Regular,victorias,player1,False,True,False
0.04,0.27,1,1.0,184.0,0.0,0.49,-80.0,3,9,104.0,58.3,1.59,315.0,0.5621621621621622,21,55.0,1659,596.0,0.05,9.0,1.03,1,1680,55.0,1.48,Grass,Regular,victorias,Regular,victorias,player1,False,True,False
-0.0,0.27,0,0.97,360.0,0.0,0.49,-252.0,3,1,108.0,100.0,1.72,137.0,0.29916897506925205,8,70.0,1692,579.0,-0.0,6.0,1.03,1,1700,50.0,1.57,Grass,Regular,victorias,Buena,victorias,player2,False,True,False
-0.0,0.27,0,0.97,360.0,0.0,0.49,-252.0,3,1,108.0,100.0,1.72,137.0,0.29916897506925205,8,70.0,1692,579.0,-0.0,6.0,1.03,1,1700,50.0,1.57,Grass,Regular,victorias,Buena,victorias,player2,False,True,False
0.0,0.27,2,1.01,165.0,0.0,0.0,-20.0,1,5,145.0,40.0,1.62,348.0,0.8734939759036144,-165,65.0,1706,408.0,0.04,7.0,1.01,1,1541,30.0,1.36,Grass,Mala,victorias,Buena,victorias,player2,False,True,False
0.0,0.27,2,1.01,165.0,0.0,0.0,-20.0,1,5,145.0,40.0,1.62,348.0,0.8734939759036144,-165,65.0,1706,408.0,0.04,7.0,1.01,1,1541,30.0,1.36,Grass,Mala,victorias,Buena,victorias,player2,False,True,False
0.0,0.27,2,1.03,105.0,0.0,0.0,19.0,1,7,124.0,50.0,1.57,590.0,1.169811320754717,-115,55.0,1750,504.0,0.03,9.0,1.02,1,1635,40.0,1.44,Grass,Regular,victorias,Regular,victorias,player2,False,True,False
0.0,0.27,2,1.03,105.0,0.0,0.0,19.0,1,7,124.0,50.0,1.57,590.0,1.169811320754717,-115,55.0,1750,504.0,0.03,9.0,1.02,1,1635,40.0,1.44,Grass,Regular,victorias,Regular,victorias,player2,False,True,False
0.02,0.27,1,1.03,99.0,0.0,0.0,78.0,1,5,177.0,20.0,1.36,626.0,1.77,59,25.0,1629,329.0,0.02,15.0,1.0,1,1688,50.0,1.5,Grass,Regular,victorias,Mala,victorias,player1,False,True,False
0.02,0.27,1,1.03,99.0,0.0,0.0,78.0,1,5,177.0,20.0,1.36,626.0,1.77,59,25.0,1629,329.0,0.02,15.0,1.0,1,1688,50.0,1.5,Grass,Regular,victorias,Mala,victorias,player1,False,True,False
0.0,0.26,2,1.01,142.0,0.0,0.0,13.0,1,5,155.0,75.0,1.57,412.0,1.083916083916084,-61,60.0,1736,385.0,0.04,8.0,1.01,1,1675,50.0,1.52,Grass,Regular,victorias,Buena,victorias,player2,False,True,False
0.0,0.26,2,1.01,142.0,0.0,0.0,13.0,1,5,155.0,75.0,1.57,412.0,1.083916083916084,-61,60.0,1736,385.0,0.04,8.0,1.01,1,1675,50.0,1.52,Grass,Regular,victorias,Buena,victorias,player2,False,True,False
0.0,0.18,1,1.01,154.0,0.0,0.0,77.0,1,3,231.0,75.0,1.64,386.0,1.4903225806451612,12,60.0,1668,250.0,0.0,8.0,0.99,1,1680,65.0,1.62,Grass,Buena,victorias,Buena,victorias,player2,False,True,False
0.0,0.18,1,1.01,154.0,0.0,0.0,77.0,1,3,231.0,75.0,1.64,386.0,1.4903225806451612,12,60.0,1668,250.0,0.0,8.0,0.99,1,1680,65.0,1.62,Grass,Buena,victorias,Buena,victorias,player2,False,True,False
0.02,0.27,0,1.02,134.0,0.24,0.0,148.0,1,3,282.0,81.8,1.55,563.0,2.088888888888889,-50,55.0,1749,243.0,0.02,9.0,0.99,1,1699,55.0,1.55,Grass,Regular,victorias,Regular,victorias,player1,False,True,False
0.02,0.27,0,1.02,134.0,0.24,0.0,148.0,1,3,282.0,81.8,1.55,563.0,2.088888888888889,-50,55.0,1749,243.0,0.02,9.0,0.99,1,1699,55.0,1.55,Grass,Regular,victorias,Regular,victorias,player1,False,True,False
-0.0,0.27,1,1.01,199.0,0.59,0.0,-91.0,10,1,108.0,25.0,1.88,366.0,0.54,-64,65.0,1734,724.0,-0.0,7.0,1.03,-4,1670,40.0,1.4,Grass,Regular,derrotas,Buena,victorias,player2,False,True,False
-0.0,0.27,1,1.01,199.0,0.59,0.0,-91.0,10,1,108.0,25.0,1.88,366.0,0.54,-64,65.0,1734,724.0,-0.0,7.0,1.03,-4,1670,40.0,1.4,Grass,Regular,derrotas,Buena,victorias,player2,False,True,False
0.03,0.27,1,1.05,37.0,0.35,0.0,88.0,1,5,125.0,71.4,1.5,1301.0,3.289473684210526,-42,50.0,1745,633.0,0.03,10.0,1.03,3,1703,60.0,1.66,Grass,Buena,victorias,Regular,victorias,player1,False,True,False
0.03,0.27,1,1.05,37.0,0.35,0.0,88.0,1,5,125.0,71.4,1.5,1301.0,3.289473684210526,-42,50.0,1745,633.0,0.03,10.0,1.03,3,1703,60.0,1.66,Grass,Buena,victorias,Regular,victorias,player1,False,True,False
-0.0,0.27,0,0.99,276.0,0.0,0.0,-148.0,10,1,128.0,70.0,1.88,250.0,0.4620938628158845,-83,90.0,1806,611.0,-0.0,2.0,1.03,-2,1723,60.0,1.56,Grass,Buena,derrotas,Excelente,victorias,player1,False,True,False
-0.0,0.27,0,0.99,276.0,0.0,0.0,-148.0,10,1,128.0,70.0,1.88,250.0,0.4620938628158845,-83,90.0,1806,611.0,-0.0,2.0,1.03,-2,1723,60.0,1.56,Grass,Buena,derrotas,Excelente,victorias,player1,False,True,False
0.0,0.27,1,1.03,130.0,0.0,0.0,-95.0,1,5,35.0,50.0,1.59,591.0,0.26717557251908397,87,65.0,1744,1340.0,0.0,7.0,1.05,1,1831,55.0,1.59,Grass,Regular,victorias,Buena,victorias,player1,False,True,False
0.0,0.27,1,1.03,130.0,0.0,0.0,-95.0,1,5,35.0,50.0,1.59,591.0,0.26717557251908397,87,65.0,1744,1340.0,0.0,7.0,1.05,1,1831,55.0,1.59,Grass,Regular,victorias,Buena,victorias,player1,False,True,False
-0.0,0.27,1,1.02,137.0,0.41,0.0,80.0,1,1,217.0,76.2,1.67,551.0,1.5724637681159421,-47,70.0,1743,334.0,-0.0,6.0,1.01,1,1696,65.0,1.64,Grass,Buena,victorias,Buena,victorias,player2,False,True,False
-0.0,0.27,1,1.02,137.0,0.41,0.0,80.0,1,1,217.0,76.2,1.67,551.0,1.5724637681159421,-47,70.0,1743,334.0,-0.0,6.0,1.01,1,1696,65.0,1.64,Grass,Buena,victorias,Buena,victorias,player2,False,True,False
-0.0,0.27,2,0.97,146.0,0.49,0.0,27.0,1,1,173.0,78.3,1.77,524.0,1.1768707482993197,-1,75.0,1767,428.0,-0.0,5.0,1.01,3,1766,65.0,1.74,Grass,Buena,victorias,Excelente,victorias,player1,False,True,False
-0.0,0.27,2,0.97,146.0,0.49,0.0,27.0,1,1,173.0,78.3,1.77,524.0,1.1768707482993197,-1,75.0,1767,428.0,-0.0,5.0,1.01,3,1766,65.0,1.74,Grass,Buena,victorias,Excelente,victorias,player1,False,True,False
0.02,0.27,1,1.02,148.0,0.0,0.46,-97.0,3,5,51.0,66.7,1.64,497.0,0.3422818791946309,-127,60.0,1763,1111.0,0.0,8.0,1.05,1,1636,35.0,1.43,Grass,Mala,victorias,Buena,victorias,player2,False,True,False
0.02,0.27,1,1.02,148.0,0.0,0.46,-97.0,3,5,51.0,66.7,1.64,497.0,0.3422818791946309,-127,60.0,1763,1111.0,0.0,8.0,1.05,1,1636,35.0,1.43,Grass,Mala,victorias,Buena,victorias,player2,False,True,False
0.07,0.27,0,1.01,210.0,0.0,0.41,-144.0,1,7,66.0,60.0,1.45,348.0,0.3127962085308057,154,45.0,1618,980.0,0.04,11.0,1.04,1,1772,55.0,1.5,Grass,Regular,victorias,Regular,victorias,player1,False,True,False
0.07,0.27,0,1.01,210.0,0.0,0.41,-144.0,1,7,66.0,60.0,1.45,348.0,0.3127962085308057,154,45.0,1618,980.0,0.04,11.0,1.04,1,1772,55.0,1.5,Grass,Regular,victorias,Regular,victorias,player1,False,True,False
0.17,0.0,1,0.92,639.0,0.44,0.42,-71.0,3,6,568.0,0.0,1.42,55.0,0.8875,42,80.0,1707,69.0,0.17,4.0,0.93,3,1749,90.0,1.49,Hard,Excelente,victorias,Excelente,victorias,player2,False,False,True
0.17,0.0,1,0.92,639.0,0.44,0.42,-71.0,3,6,568.0,0.0,1.42,55.0,0.8875,42,80.0,1707,69.0,0.17,4.0,0.93,3,1749,90.0,1.49,Hard,Excelente,victorias,Excelente,victorias,player2,False,False,True
0.0,0.19,0,1.05,436.0,0.36,0.41,242.0,1,2,678.0,25.0,1.35,107.0,1.551487414187643,-72,55.0,1664,49.0,0.13,9.0,0.91,3,1592,50.0,1.39,Hard,Regular,victorias,Regular,victorias,player1,False,False,True
0.0,0.19,0,1.05,436.0,0.36,0.41,242.0,1,2,678.0,25.0,1.35,107.0,1.551487414187643,-72,55.0,1664,49.0,0.13,9.0,0.91,3,1592,50.0,1.39,Hard,Regular,victorias,Regular,victorias,player1,False,False,True
0.0,0.23,1,1.06,369.0,0.41,0.4,-86.0,6,3,283.0,53.8,1.55,133.0,0.7648648648648648,-126,70.0,1720,188.0,0.0,6.0,0.98,1,1594,50.0,1.27,Hard,Regular,victorias,Buena,victorias,player2,False,False,True
0.0,0.23,1,1.06,369.0,0.41,0.4,-86.0,6,3,283.0,53.8,1.55,133.0,0.7648648648648648,-126,70.0,1720,188.0,0.0,6.0,0.98,1,1594,50.0,1.27,Hard,Regular,victorias,Buena,victorias,player2,False,False,True
0.0,0.09,0,1.07,307.0,0.4,0.44,168.0,1,2,475.0,80.0,1.4,169.0,1.5422077922077921,-27,70.0,1712,96.0,0.09,6.0,1.05,1,1685,65.0,1.39,Hard,Buena,victorias,Buena,victorias,player2,False,False,True
0.0,0.09,0,1.07,307.0,0.4,0.44,168.0,1,2,475.0,80.0,1.4,169.0,1.5422077922077921,-27,70.0,1712,96.0,0.09,6.0,1.05,1,1685,65.0,1.39,Hard,Buena,victorias,Buena,victorias,player2,False,False,True
0.33,0.27,1,0.65,192.0,0.48,0.51,-89.0,1,7,103.0,25.0,1.23,301.0,0.533678756476684,27,50.0,1658,600.0,0.23,10.0,0.67,1,1685,55.0,1.34,Clay,Regular,victorias,Regular,victorias,player2,True,False,False
0.33,0.27,1,0.65,192.0,0.48,0.51,-89.0,1,7,103.0,25.0,1.23,301.0,0.533678756476684,27,50.0,1658,600.0,0.23,10.0,0.67,1,1685,55.0,1.34,Clay,Regular,victorias,Regular,victorias,player2,True,False,False
0.22,0.25,1,0.65,193.0,0.53,0.48,82.0,1,2,275.0,66.7,1.33,299.0,1.4175257731958764,98,55.0,1614,192.0,0.0,9.0,0.7,1,1712,55.0,1.33,Clay,Regular,victorias,Regular,victorias,player1,True,False,False
0.22,0.25,1,0.65,193.0,0.53,0.48,82.0,1,2,275.0,66.7,1.33,299.0,1.4175257731958764,98,55.0,1614,192.0,0.0,9.0,0.7,1,1712,55.0,1.33,Clay,Regular,victorias,Regular,victorias,player1,True,False,False
0.0,0.27,0,0.71,202.0,0.57,0.47,-125.0,1,2,77.0,50.0,1.33,279.0,0.3793103448275862,67,55.0,1647,756.0,0.0,9.0,0.67,1,1714,60.0,1.35,Clay,Buena,victorias,Regular,victorias,player1,True,False,False
0.0,0.27,0,0.71,202.0,0.57,0.47,-125.0,1,2,77.0,50.0,1.33,279.0,0.3793103448275862,67,55.0,1647,756.0,0.0,9.0,0.67,1,1714,60.0,1.35,Clay,Buena,victorias,Regular,victorias,player1,True,False,False
0.0,0.21,0,0.63,396.0,0.45,0.46,155.0,3,1,551.0,66.7,1.44,122.0,1.3879093198992443,5,60.0,1670,73.0,0.2,8.0,0.61,1,1675,55.0,1.32,Clay,Regular,victorias,Buena,victorias,player2,True,False,False
0.0,0.21,0,0.63,396.0,0.45,0.46,155.0,3,1,551.0,66.7,1.44,122.0,1.3879093198992443,5,60.0,1670,73.0,0.2,8.0,0.61,1,1675,55.0,1.32,Clay,Regular,victorias,Buena,victorias,player2,True,False,False
0.0,0.2,0,0.62,410.0,0.39,0.52,249.0,3,4,659.0,66.7,1.48,116.0,1.6034063260340632,-155,75.0,1726,52.0,0.38,5.0,0.6,1,1571,50.0,1.29,Clay,Regular,victorias,Excelente,victorias,player1,True,False,False
0.0,0.2,0,0.62,410.0,0.39,0.52,249.0,3,4,659.0,66.7,1.48,116.0,1.6034063260340632,-155,75.0,1726,52.0,0.38,5.0,0.6,1,1571,50.0,1.29,Clay,Regular,victorias,Excelente,victorias,player1,True,False,False
0.39,0.27,3,0.66,139.0,0.5,0.5,7.0,1,5,146.0,50.0,1.24,436.0,1.042857142857143,32,45.0,1662,406.0,0.0,11.0,0.66,1,1694,60.0,1.31,Clay,Buena,victorias,Regular,victorias,player1,True,False,False
0.39,0.27,3,0.66,139.0,0.5,0.5,7.0,1,5,146.0,50.0,1.24,436.0,1.042857142857143,32,45.0,1662,406.0,0.0,11.0,0.66,1,1694,60.0,1.31,Clay,Buena,victorias,Regular,victorias,player1,True,False,False
0.4,0.27,1,0.65,194.0,0.55,0.52,-79.0,1,6,115.0,40.0,1.24,298.0,0.5897435897435898,135,50.0,1631,547.0,0.0,10.0,0.67,1,1766,60.0,1.33,Clay,Buena,victorias,Regular,victorias,player1,True,False,False
0.4,0.27,1,0.65,194.0,0.55,0.52,-79.0,1,6,115.0,40.0,1.24,298.0,0.5897435897435898,135,50.0,1631,547.0,0.0,10.0,0.67,1,1766,60.0,1.33,Clay,Buena,victorias,Regular,victorias,player1,True,False,False
0.0,0.27,2,0.71,195.0,0.45,0.41,-36.0,1,2,159.0,50.0,1.31,293.0,0.8112244897959183,16,50.0,1634,370.0,0.0,10.0,0.72,1,1650,55.0,1.33,Clay,Regular,victorias,Regular,victorias,player2,True,False,False
0.0,0.27,2,0.71,195.0,0.45,0.41,-36.0,1,2,159.0,50.0,1.31,293.0,0.8112244897959183,16,50.0,1634,370.0,0.0,10.0,0.72,1,1650,55.0,1.33,Clay,Regular,victorias,Regular,victorias,player2,True,False,False
0.49,0.27,0,0.68,62.0,0.46,0.66,165.0,1,3,227.0,33.3,1.29,856.0,3.6031746031746033,-149,50.0,1787,252.0,0.26,10.0,0.65,1,1638,55.0,1.31,Clay,Regular,victorias,Regular,victorias,player1,True,False,False
0.49,0.27,0,0.68,62.0,0.46,0.66,165.0,1,3,227.0,33.3,1.29,856.0,3.6031746031746033,-149,50.0,1787,252.0,0.26,10.0,0.65,1,1638,55.0,1.31,Clay,Regular,victorias,Regular,victorias,player1,True,False,False
0.23,0.27,0,0.62,456.0,0.67,0.38,-349.0,3,4,107.0,57.1,1.4,101.0,0.23413566739606126,174,60.0,1637,579.0,0.0,8.0,0.67,1,1811,75.0,1.36,Clay,Excelente,victorias,Buena,victorias,player1,True,False,False
0.23,0.27,0,0.62,456.0,0.67,0.38,-349.0,3,4,107.0,57.1,1.4,101.0,0.23413566739606126,174,60.0,1637,579.0,0.0,8.0,0.67,1,1811,75.0,1.36,Clay,Excelente,victorias,Buena,victorias,player1,True,False,False
0.44,0.25,0,0.67,102.0,0.48,0.52,212.0,1,5,314.0,28.6,1.19,604.0,3.0485436893203883,0,40.0,1657,165.0,0.0,12.0,0.69,3,1657,70.0,1.37,Clay,Buena,victorias,Regular,victorias,player1,True,False,False
0.44,0.25,0,0.67,102.0,0.48,0.52,212.0,1,5,314.0,28.6,1.19,604.0,3.0485436893203883,0,40.0,1657,165.0,0.0,12.0,0.69,3,1657,70.0,1.37,Clay,Buena,victorias,Regular,victorias,player1,True,False,False
0.22,0.2,0,0.63,378.0,0.49,0.47,-114.0,1,3,264.0,50.0,1.26,128.0,0.6965699208443272,85,45.0,1591,199.0,0.0,11.0,0.7,1,1676,60.0,1.33,Clay,Buena,victorias,Regular,victorias,player1,True,False,False
0.22,0.2,0,0.63,378.0,0.49,0.47,-114.0,1,3,264.0,50.0,1.26,128.0,0.6965699208443272,85,45.0,1591,199.0,0.0,11.0,0.7,1,1676,60.0,1.33,Clay,Buena,victorias,Regular,victorias,player1,True,False,False
0.0,0.26,1,1.07,324.0,0.35,0.4,-94.0,1,1,230.0,40.0,1.43,159.0,0.7076923076923077,-6,65.0,1699,251.0,0.1,7.0,0.99,1,1693,60.0,1.37,Hard,Buena,victorias,Buena,victorias,player2,False,False,True
0.0,0.26,1,1.07,324.0,0.35,0.4,-94.0,1,1,230.0,40.0,1.43,159.0,0.7076923076923077,-6,65.0,1699,251.0,0.1,7.0,0.99,1,1693,60.0,1.37,Hard,Buena,victorias,Buena,victorias,player2,False,False,True
0.0,0.27,2,0.66,172.0,0.57,0.0,32.0,1,4,204.0,66.7,1.37,431.0,1.1791907514450868,-130,70.0,1750,357.0,0.28,6.0,0.66,1,1620,40.0,1.24,Clay,Regular,victorias,Buena,victorias,player1,True,False,False
0.0,0.27,2,0.66,172.0,0.57,0.0,32.0,1,4,204.0,66.7,1.37,431.0,1.1791907514450868,-130,70.0,1750,357.0,0.28,6.0,0.66,1,1620,40.0,1.24,Clay,Regular,victorias,Buena,victorias,player1,True,False,False
0.0,0.26,0,0.59,753.0,0.46,0.49,-571.0,2,1,182.0,50.0,1.39,48.0,0.2413793103448276,23,60.0,1630,407.0,0.0,8.0,0.66,1,1653,60.0,1.36,Clay,Buena,victorias,Buena,victorias,player1,True,False,False
0.0,0.26,0,0.59,753.0,0.46,0.49,-571.0,2,1,182.0,50.0,1.39,48.0,0.2413793103448276,23,60.0,1630,407.0,0.0,8.0,0.66,1,1653,60.0,1.36,Clay,Buena,victorias,Buena,victorias,player1,True,False,False
0.48,0.27,0,0.64,297.0,0.57,0.61,1820.0,1,4,2117.0,61.5,1.32,228.0,7.104026845637584,30,65.0,1688,1.0,0.26,7.0,0.35,1,1718,55.0,1.32,Clay,Regular,victorias,Buena,victorias,player2,True,False,False
0.48,0.27,0,0.64,297.0,0.57,0.61,1820.0,1,4,2117.0,61.5,1.32,228.0,7.104026845637584,30,65.0,1688,1.0,0.26,7.0,0.35,1,1718,55.0,1.32,Clay,Regular,victorias,Buena,victorias,player2,True,False,False
0.24,0.25,0,0.66,156.0,0.56,0.41,344.0,1,1,500.0,28.6,1.31,478.0,3.1847133757961785,22,45.0,1621,108.0,0.0,11.0,0.59,1,1643,60.0,1.34,Clay,Buena,victorias,Regular,victorias,player2,True,False,False
0.24,0.25,0,0.66,156.0,0.56,0.41,344.0,1,1,500.0,28.6,1.31,478.0,3.1847133757961785,22,45.0,1621,108.0,0.0,11.0,0.59,1,1643,60.0,1.34,Clay,Buena,victorias,Regular,victorias,player2,True,False,False
0.0,0.27,1,0.68,54.0,0.51,0.0,88.0,-10,1,142.0,61.5,1.14,1082.0,2.581818181818182,9,35.0,1674,533.0,0.27,13.0,0.66,-1,1683,65.0,1.39,Clay,Buena,derrotas,Mala,derrotas,player2,True,False,False
0.0,0.27,1,0.68,54.0,0.51,0.0,88.0,-10,1,142.0,61.5,1.14,1082.0,2.581818181818182,9,35.0,1674,533.0,0.27,13.0,0.66,-1,1683,65.0,1.39,Clay,Buena,derrotas,Mala,derrotas,player2,True,False,False
0.29,0.27,2,0.67,76.0,0.55,0.57,-27.0,1,4,49.0,73.3,1.31,762.0,0.6363636363636364,33,60.0,1708,1115.0,0.0,8.0,0.68,-1,1741,55.0,1.29,Clay,Regular,derrotas,Buena,victorias,player1,True,False,False
0.29,0.27,2,0.67,76.0,0.55,0.57,-27.0,1,4,49.0,73.3,1.31,762.0,0.6363636363636364,33,60.0,1708,1115.0,0.0,8.0,0.68,-1,1741,55.0,1.29,Clay,Regular,derrotas,Buena,victorias,player1,True,False,False
0.29,0.27,1,0.65,260.0,0.53,0.46,-96.0,-2,5,164.0,50.0,1.24,267.0,0.6283524904214559,35,55.0,1616,461.0,0.0,9.0,0.63,-1,1651,45.0,1.23,Clay,Regular,derrotas,Regular,derrotas,player1,True,False,False
0.29,0.27,1,0.65,260.0,0.53,0.46,-96.0,-2,5,164.0,50.0,1.24,267.0,0.6283524904214559,35,55.0,1616,461.0,0.0,9.0,0.63,-1,1651,45.0,1.23,Clay,Regular,derrotas,Regular,derrotas,player1,True,False,False
0.33,0.27,1,0.64,292.0,0.37,0.47,-81.0,1,3,211.0,80.0,1.28,234.0,0.7201365187713311,28,45.0,1615,345.0,0.24,11.0,0.65,-4,1643,50.0,1.23,Clay,Regular,derrotas,Regular,victorias,player2,True,False,False
0.33,0.27,1,0.64,292.0,0.37,0.47,-81.0,1,3,211.0,80.0,1.28,234.0,0.7201365187713311,28,45.0,1615,345.0,0.24,11.0,0.65,-4,1643,50.0,1.23,Clay,Regular,derrotas,Regular,victorias,player2,True,False,False
0.0,0.25,0,0.67,114.0,0.5,0.58,338.0,-1,3,452.0,0.0,1.26,694.0,3.9304347826086956,-61,50.0,1684,127.0,0.0,10.0,0.63,-1,1623,60.0,1.31,Clay,Buena,derrotas,Regular,derrotas,player2,True,False,False
0.0,0.25,0,0.67,114.0,0.5,0.58,338.0,-1,3,452.0,0.0,1.26,694.0,3.9304347826086956,-61,50.0,1684,127.0,0.0,10.0,0.63,-1,1623,60.0,1.31,Clay,Buena,derrotas,Regular,derrotas,player2,True,False,False
0.0,0.27,1,0.63,417.0,0.43,0.42,62.0,1,1,479.0,63.6,1.27,139.0,1.145933014354067,85,40.0,1575,115.0,0.0,12.0,0.62,-1,1660,50.0,1.28,Clay,Regular,derrotas,Regular,victorias,player2,True,False,False
0.0,0.27,1,0.63,417.0,0.43,0.42,62.0,1,1,479.0,63.6,1.27,139.0,1.145933014354067,85,40.0,1575,115.0,0.0,12.0,0.62,-1,1660,50.0,1.28,Clay,Regular,derrotas,Regular,victorias,player2,True,False,False
0.0,0.27,0,0.65,237.0,0.54,0.58,-124.0,1,4,113.0,16.7,1.4,301.0,0.47478991596638653,52,65.0,1725,697.0,0.0,7.0,0.67,-1,1777,65.0,1.37,Clay,Buena,derrotas,Buena,victorias,player1,True,False,False
0.0,0.27,0,0.65,237.0,0.54,0.58,-124.0,1,4,113.0,16.7,1.4,301.0,0.47478991596638653,52,65.0,1725,697.0,0.0,7.0,0.67,-1,1777,65.0,1.37,Clay,Buena,derrotas,Buena,victorias,player1,True,False,False
0.03,0.27,0,0.67,111.0,0.43,0.46,208.0,1,4,319.0,33.3,1.28,699.0,2.8482142857142856,-20,50.0,1663,202.0,0.22,10.0,0.64,1,1643,55.0,1.3,Clay,Regular,victorias,Regular,victorias,player1,True,False,False
0.03,0.27,0,0.67,111.0,0.43,0.46,208.0,1,4,319.0,33.3,1.28,699.0,2.8482142857142856,-20,50.0,1663,202.0,0.22,10.0,0.64,1,1643,55.0,1.3,Clay,Regular,victorias,Regular,victorias,player1,True,False,False
0.44,0.27,2,0.63,139.0,0.54,0.67,-49.0,1,8,90.0,75.0,1.34,546.0,0.6428571428571429,-23,65.0,1755,836.0,0.31,7.0,0.68,1,1732,50.0,1.24,Clay,Regular,victorias,Buena,victorias,player2,True,False,False
0.44,0.27,2,0.63,139.0,0.54,0.67,-49.0,1,8,90.0,75.0,1.34,546.0,0.6428571428571429,-23,65.0,1755,836.0,0.31,7.0,0.68,1,1732,50.0,1.24,Clay,Regular,victorias,Buena,victorias,player2,True,False,False
0.0,0.27,1,0.66,153.0,0.56,0.62,97.0,1,4,250.0,63.6,1.37,492.0,1.6233766233766234,-94,70.0,1783,281.0,0.28,6.0,0.65,1,1689,60.0,1.34,Clay,Buena,victorias,Buena,victorias,player2,True,False,False
0.0,0.27,1,0.66,153.0,0.56,0.62,97.0,1,4,250.0,63.6,1.37,492.0,1.6233766233766234,-94,70.0,1783,281.0,0.28,6.0,0.65,1,1689,60.0,1.34,Clay,Buena,victorias,Buena,victorias,player2,True,False,False
0.0,0.0,0,0.75,1307.0,0.42,0.22,-847.0,-6,2,460.0,42.9,1.02,7.0,0.3516819571865443,249,20.0,1410,100.0,0.09,16.0,0.95,-1,1659,55.0,1.34,Hard,Regular,derrotas,Mala,derrotas,player1,False,False,True
0.0,0.0,0,0.75,1307.0,0.42,0.22,-847.0,-6,2,460.0,42.9,1.02,7.0,0.3516819571865443,249,20.0,1410,100.0,0.09,16.0,0.95,-1,1659,55.0,1.34,Hard,Regular,derrotas,Mala,derrotas,player1,False,False,True
0.0,0.0,0,0.0,1563.5280631686012,0.11,0.0,324.5620457410544,-7,0,1856.0,23.610156318735616,0.95,4.795494208614071,1.3463114073145548,-63,12.5,1443,2.0,0.0,7.0,0.63,-4,1380,20.0,1.04,Hard,Mala,derrotas,Mala,derrotas,player1,False,False,True
0.0,0.0,0,0.0,1563.5280631686012,0.11,0.0,324.5620457410544,-7,0,1856.0,23.610156318735616,0.95,4.795494208614071,1.3463114073145548,-63,12.5,1443,2.0,0.0,7.0,0.63,-4,1380,20.0,1.04,Hard,Mala,derrotas,Mala,derrotas,player1,False,False,True
0.0,0.25,1,0.83,1080.0,0.35,0.29,81.0,1,1,1161.0,33.3,1.25,14.0,1.0740055504162813,4,35.0,1508,11.0,0.0,13.0,0.81,1,1512,30.0,1.22,Hard,Mala,victorias,Mala,victorias,player2,False,False,True
0.0,0.25,1,0.83,1080.0,0.35,0.29,81.0,1,1,1161.0,33.3,1.25,14.0,1.0740055504162813,4,35.0,1508,11.0,0.0,13.0,0.81,1,1512,30.0,1.22,Hard,Mala,victorias,Mala,victorias,player2,False,False,True
0.0,0.0,0,0.82,1104.0,0.23,0.25,554.0,-2,0,1658.0,25.0,1.25,13.0,1.5004524886877828,-32,40.0,1486,3.0,0.0,12.0,0.67,-1,1454,21.4,1.08,Hard,Mala,derrotas,Regular,derrotas,player2,False,False,True
0.0,0.0,0,0.82,1104.0,0.23,0.25,554.0,-2,0,1658.0,25.0,1.25,13.0,1.5004524886877828,-32,40.0,1486,3.0,0.0,12.0,0.67,-1,1454,21.4,1.08,Hard,Mala,derrotas,Regular,derrotas,player2,False,False,True
0.0,0.2,0,0.94,539.0,0.15,0.37,1578.0,1,1,2117.0,40.0,1.37,77.0,3.9203703703703705,-171,55.0,1609,1.0,0.0,9.0,0.54,1,1438,16.7,1.1,Hard,Mala,victorias,Regular,victorias,player2,False,False,True
0.0,0.2,0,0.94,539.0,0.15,0.37,1578.0,1,1,2117.0,40.0,1.37,77.0,3.9203703703703705,-171,55.0,1609,1.0,0.0,9.0,0.54,1,1438,16.7,1.1,Hard,Mala,victorias,Regular,victorias,player2,False,False,True
0.41,0.21,1,0.52,950.0,0.0,0.3,-74.0,1,3,876.0,55.6,1.32,21.0,0.9211356466876972,34,55.0,1595,27.0,0.3,9.0,0.52,1,1629,65.0,1.36,Clay,Buena,victorias,Regular,victorias,player1,True,False,False
0.41,0.21,1,0.52,950.0,0.0,0.3,-74.0,1,3,876.0,55.6,1.32,21.0,0.9211356466876972,34,55.0,1595,27.0,0.3,9.0,0.52,1,1629,65.0,1.36,Clay,Buena,victorias,Regular,victorias,player1,True,False,False
0.0,0.09,0,0.54,716.0,0.26,0.34,645.0,1,0,1361.0,40.0,1.4,43.0,1.8981868898186889,-116,55.0,1601,6.0,0.0,9.0,0.44,1,1485,35.0,1.25,Clay,Mala,victorias,Regular,victorias,player2,True,False,False
0.0,0.09,0,0.54,716.0,0.26,0.34,645.0,1,0,1361.0,40.0,1.4,43.0,1.8981868898186889,-116,55.0,1601,6.0,0.0,9.0,0.44,1,1485,35.0,1.25,Clay,Mala,victorias,Regular,victorias,player2,True,False,False
0.0,0.12,0,0.52,913.0,0.25,0.28,364.0,1,6,1277.0,50.0,1.27,24.0,1.3971553610503282,-52,55.0,1520,8.0,0.34,9.0,0.46,1,1468,30.0,1.18,Clay,Mala,victorias,Regular,victorias,player1,True,False,False
0.0,0.12,0,0.52,913.0,0.25,0.28,364.0,1,6,1277.0,50.0,1.27,24.0,1.3971553610503282,-52,55.0,1520,8.0,0.34,9.0,0.46,1,1468,30.0,1.18,Clay,Mala,victorias,Regular,victorias,player1,True,False,False
0.0,0.0,0,0.4,1580.0,0.31,0.45,-488.0,1,0,1092.0,66.7,1.29,3.0,0.6907020872865275,18,38.5,1522,13.0,0.0,8.0,0.49,1,1540,40.0,1.3,Clay,Regular,victorias,Mala,victorias,player2,True,False,False
0.0,0.0,0,0.4,1580.0,0.31,0.45,-488.0,1,0,1092.0,66.7,1.29,3.0,0.6907020872865275,18,38.5,1522,13.0,0.0,8.0,0.49,1,1540,40.0,1.3,Clay,Regular,victorias,Mala,victorias,player2,True,False,False
0.0,0.09,0,0.4,1625.0,0.29,0.3,-255.0,1,1,1370.0,31.605510637421183,1.26,3.0,0.8425584255842559,-59,35.0,1538,6.0,0.0,13.0,0.44,1,1479,30.0,1.22,Clay,Mala,victorias,Mala,victorias,player2,True,False,False
0.0,0.09,0,0.4,1625.0,0.29,0.3,-255.0,1,1,1370.0,31.605510637421183,1.26,3.0,0.8425584255842559,-59,35.0,1538,6.0,0.0,13.0,0.44,1,1479,30.0,1.22,Clay,Mala,victorias,Mala,victorias,player2,True,False,False
0.0,0.2,0,0.55,695.0,0.39,0.22,286.0,1,1,981.0,55.293127957927055,1.34,46.0,1.4094827586206897,21,50.0,1615,19.0,0.0,10.0,0.51,1,1636,55.0,1.37,Clay,Regular,victorias,Regular,victorias,player1,True,False,False
0.0,0.2,0,0.55,695.0,0.39,0.22,286.0,1,1,981.0,55.293127957927055,1.34,46.0,1.4094827586206897,21,50.0,1615,19.0,0.0,10.0,0.51,1,1636,55.0,1.37,Clay,Regular,victorias,Regular,victorias,player1,True,False,False
0.29,0.0,0,0.53,862.0,0.22,0.31,1255.0,1,4,2117.0,42.3,1.11,29.0,2.4530706836616454,-42,25.0,1488,1.0,0.45,15.0,0.32,1,1446,20.0,1.11,Clay,Mala,victorias,Mala,victorias,player2,True,False,False
0.29,0.0,0,0.53,862.0,0.22,0.31,1255.0,1,4,2117.0,42.3,1.11,29.0,2.4530706836616454,-42,25.0,1488,1.0,0.45,15.0,0.32,1,1446,20.0,1.11,Clay,Mala,victorias,Mala,victorias,player2,True,False,False
0.0,0.21,0,0.0,960.4708960696677,0.34,0.0,-619.6395735802707,0,0,303.0,56.14021298836758,0.0,31.69986915584216,0.3930968494590207,123,35.40335016386877,1500,173.0,0.0,12.919329967226249,0.59,-1,1623,55.0,1.36,Clay,Regular,derrotas,,,player1,True,False,False
0.0,0.21,0,0.0,960.4708960696677,0.34,0.0,-619.6395735802707,0,0,303.0,56.14021298836758,0.0,31.69986915584216,0.3930968494590207,123,35.40335016386877,1500,173.0,0.0,12.919329967226249,0.59,-1,1623,55.0,1.36,Clay,Regular,derrotas,,,player1,True,False,False
0.0,0.0,0,0.53,831.0,0.15,0.4,1356.0,-2,0,2187.0,50.0,1.34,32.0,2.628605769230769,-153,50.0,1582,1.0,0.0,10.0,0.32,-6,1429,16.7,0.99,Clay,Mala,derrotas,Regular,derrotas,player1,True,False,False
0.0,0.0,0,0.53,831.0,0.15,0.4,1356.0,-2,0,2187.0,50.0,1.34,32.0,2.628605769230769,-153,50.0,1582,1.0,0.0,10.0,0.32,-6,1429,16.7,0.99,Clay,Mala,derrotas,Regular,derrotas,player1,True,False,False
0.0,0.0,2,0.52,923.0,0.32,0.37,-20.0,-1,0,903.0,50.0,1.32,23.0,0.9772727272727273,-28,50.0,1599,25.0,0.0,10.0,0.52,-1,1571,60.0,1.37,Clay,Buena,derrotas,Regular,derrotas,player2,True,False,False
0.0,0.0,2,0.52,923.0,0.32,0.37,-20.0,-1,0,903.0,50.0,1.32,23.0,0.9772727272727273,-28,50.0,1599,25.0,0.0,10.0,0.52,-1,1571,60.0,1.37,Clay,Buena,derrotas,Regular,derrotas,player2,True,False,False
0.0,0.09,0,0.0,1416.451648062849,0.25,0.0,69.92287332837532,-3,0,1436.0,37.66408687940349,0.0,7.90796840808028,1.1492349828490127,-7,0.0,1462,5.0,0.0,3.0,0.43,-1,1455,25.0,1.1,Clay,Mala,derrotas,Mala,derrotas,player1,True,False,False
0.0,0.09,0,0.0,1416.451648062849,0.25,0.0,69.92287332837532,-3,0,1436.0,37.66408687940349,0.0,7.90796840808028,1.1492349828490127,-7,0.0,1462,5.0,0.0,3.0,0.43,-1,1455,25.0,1.1,Clay,Mala,derrotas,Mala,derrotas,player1,True,False,False
0.0,0.12,1,0.52,939.0,0.23,0.32,-89.0,-5,1,850.0,25.0,1.14,22.0,0.9042553191489362,-21,30.0,1501,30.0,0.0,14.0,0.53,-2,1480,35.0,1.22,Clay,Mala,derrotas,Mala,derrotas,player1,True,False,False
0.0,0.12,1,0.52,939.0,0.23,0.32,-89.0,-5,1,850.0,25.0,1.14,22.0,0.9042553191489362,-21,30.0,1501,30.0,0.0,14.0,0.53,-2,1480,35.0,1.22,Clay,Mala,derrotas,Mala,derrotas,player1,True,False,False
0.0,0.0,1,0.38,1822.0,0.0,0.12,-57.0,-1,0,1765.0,0.0,1.12,2.0,0.968184311574328,-2,26.7,1463,2.0,0.0,11.0,0.38,-2,1461,22.2,1.11,Clay,Mala,derrotas,Mala,derrotas,player2,True,False,False
0.0,0.0,1,0.38,1822.0,0.0,0.12,-57.0,-1,0,1765.0,0.0,1.12,2.0,0.968184311574328,-2,26.7,1463,2.0,0.0,11.0,0.38,-2,1461,22.2,1.11,Clay,Mala,derrotas,Mala,derrotas,player2,True,False,False
0.0,0.21,0,0.57,445.0,0.38,0.41,1377.0,-1,0,1822.0,57.9,1.43,103.0,4.085201793721973,-277,65.0,1673,2.0,0.0,7.0,0.38,-1,1396,20.0,1.01,Clay,Mala,derrotas,Buena,derrotas,player2,True,False,False
0.0,0.21,0,0.57,445.0,0.38,0.41,1377.0,-1,0,1822.0,57.9,1.43,103.0,4.085201793721973,-277,65.0,1673,2.0,0.0,7.0,0.38,-1,1396,20.0,1.01,Clay,Mala,derrotas,Buena,derrotas,player2,True,False,False
0.0,0.15,0,0.4,1646.0,0.21,0.15,-201.0,-5,1,1445.0,33.3,1.05,3.0,0.8773527625986642,67,20.0,1400,5.0,0.0,16.0,0.43,-3,1467,25.0,1.11,Clay,Mala,derrotas,Mala,derrotas,player1,True,False,False
0.0,0.15,0,0.4,1646.0,0.21,0.15,-201.0,-5,1,1445.0,33.3,1.05,3.0,0.8773527625986642,67,20.0,1400,5.0,0.0,16.0,0.43,-3,1467,25.0,1.11,Clay,Mala,derrotas,Mala,derrotas,player1,True,False,False
0.0,0.16,0,0.67,1685.0,0.24,0.29,-370.0,1,1,1315.0,40.0,1.22,3.0,0.7799525504151839,-72,30.0,1551,7.0,0.0,14.0,0.75,1,1479,35.0,1.26,Hard,Mala,victorias,Mala,victorias,player2,False,False,True
0.0,0.16,0,0.67,1685.0,0.24,0.29,-370.0,1,1,1315.0,40.0,1.22,3.0,0.7799525504151839,-72,30.0,1551,7.0,0.0,14.0,0.75,1,1479,35.0,1.26,Hard,Mala,victorias,Mala,victorias,player2,False,False,True
0.0,0.09,0,0.67,1601.0,0.25,0.36,-404.0,1,2,1197.0,0.0,1.21,3.0,0.7471910112359551,5,33.3,1509,10.0,0.0,12.0,0.8,1,1514,40.0,1.3,Hard,Regular,victorias,Mala,victorias,player1,False,False,True
0.0,0.09,0,0.67,1601.0,0.25,0.36,-404.0,1,2,1197.0,0.0,1.21,3.0,0.7471910112359551,5,33.3,1509,10.0,0.0,12.0,0.8,1,1514,40.0,1.3,Hard,Regular,victorias,Mala,victorias,player1,False,False,True
0.0,0.09,0,0.92,643.0,0.35,0.4,237.0,1,4,880.0,60.0,1.46,54.0,1.3664596273291925,-146,70.0,1711,27.0,0.11,6.0,0.87,1,1565,40.0,1.23,Hard,Regular,victorias,Buena,victorias,player2,False,False,True
0.0,0.09,0,0.92,643.0,0.35,0.4,237.0,1,4,880.0,60.0,1.46,54.0,1.3664596273291925,-146,70.0,1711,27.0,0.11,6.0,0.87,1,1565,40.0,1.23,Hard,Regular,victorias,Buena,victorias,player2,False,False,True
0.19,0.21,2,0.92,667.0,0.42,0.4,-25.0,1,5,642.0,53.3,1.28,51.0,0.9610778443113772,104,55.0,1629,54.0,0.11,9.0,0.92,6,1733,70.0,1.53,Hard,Buena,victorias,Regular,victorias,player1,False,False,True
0.19,0.21,2,0.92,667.0,0.42,0.4,-25.0,1,5,642.0,53.3,1.28,51.0,0.9610778443113772,104,55.0,1629,54.0,0.11,9.0,0.92,6,1733,70.0,1.53,Hard,Buena,victorias,Regular,victorias,player1,False,False,True
0.0,0.09,0,0.93,597.0,0.27,0.34,527.0,1,0,1124.0,47.00697202739843,1.33,63.0,1.879598662207358,-33,45.0,1560,12.0,0.0,11.0,0.82,1,1527,45.0,1.33,Hard,Regular,victorias,Regular,victorias,player2,False,False,True
0.0,0.09,0,0.93,597.0,0.27,0.34,527.0,1,0,1124.0,47.00697202739843,1.33,63.0,1.879598662207358,-33,45.0,1560,12.0,0.0,11.0,0.82,1,1527,45.0,1.33,Hard,Regular,victorias,Regular,victorias,player2,False,False,True
0.0,0.12,0,0.81,1153.0,0.38,0.29,-579.0,1,1,574.0,40.0,1.16,11.0,0.49740034662045063,164,25.0,1482,68.0,0.0,15.0,0.93,1,1646,65.0,1.43,Hard,Buena,victorias,Mala,victorias,player1,False,False,True
0.0,0.12,0,0.81,1153.0,0.38,0.29,-579.0,1,1,574.0,40.0,1.16,11.0,0.49740034662045063,164,25.0,1482,68.0,0.0,15.0,0.93,1,1646,65.0,1.43,Hard,Buena,victorias,Mala,victorias,player1,False,False,True
0.0,0.0,0,0.38,1808.0,0.35,0.2,-724.0,1,0,1084.0,0.0,1.14,2.0,0.5992260917634052,139,21.1,1434,13.0,0.0,15.0,0.49,1,1573,50.0,1.38,Clay,Regular,victorias,Mala,victorias,player2,True,False,False
0.0,0.0,0,0.38,1808.0,0.35,0.2,-724.0,1,0,1084.0,0.0,1.14,2.0,0.5992260917634052,139,21.1,1434,13.0,0.0,15.0,0.49,1,1573,50.0,1.38,Clay,Regular,victorias,Mala,victorias,player2,True,False,False
0.0,0.0,1,0.51,89.0,0.0,0.0,-68.0,0,0,21.0,60.0,0.0,840.0,0.23333333333333334,0,80.0,1500,1856.0,0.0,4.0,0.52,0,1500,60.0,0.0,Clay,,,,,player2,True,False,False
0.0,0.0,1,0.51,89.0,0.0,0.0,-68.0,0,0,21.0,60.0,0.0,840.0,0.23333333333333334,0,80.0,1500,1856.0,0.0,4.0,0.52,0,1500,60.0,0.0,Clay,,,,,player2,True,False,False
0.0,0.0,1,0.51,89.0,0.0,0.0,-68.0,0,0,21.0,60.0,0.0,840.0,0.23333333333333334,0,80.0,1500,1856.0,0.0,4.0,0.52,0,1500,60.0,0.0,Clay,,,,,player2,True,False,False
0.0,0.0,1,0.51,89.0,0.0,0.0,-68.0,0,0,21.0,60.0,0.0,840.0,0.23333333333333334,0,80.0,1500,1856.0,0.0,4.0,0.52,0,1500,60.0,0.0,Clay,,,,,player2,True,False,False
0.0,0.0,1,0.51,89.0,0.0,0.0,-68.0,0,0,21.0,60.0,0.0,840.0,0.23333333333333334,0,80.0,1500,1856.0,0.0,4.0,0.52,0,1500,60.0,0.0,Clay,,,,,player2,True,False,False
0.0,0.0,1,0.51,89.0,0.0,0.0,-68.0,0,0,21.0,60.0,0.0,840.0,0.23333333333333334,0,80.0,1500,1856.0,0.0,4.0,0.52,0,1500,60.0,0.0,Clay,,,,,player2,True,False,False
0.0,0.19,0,0.62,454.0,0.53,0.52,-150.0,1,1,304.0,50.13451174250337,1.36,101.0,0.6681318681318681,-38,65.0,1711,172.0,0.16,7.0,0.64,1,1673,65.0,1.4,Clay,Buena,victorias,Buena,victorias,player2,True,False,False
0.24,0.12,0,0.62,437.0,0.59,0.52,-168.0,1,4,269.0,46.78225595929424,1.37,107.0,0.6141552511415526,107,70.0,1730,193.0,0.24,6.0,0.64,6,1837,85.0,1.54,Clay,Excelente,victorias,Buena,victorias,player1,True,False,False
0.42,0.24,0,0.69,395.0,0.6,0.51,-113.0,1,4,282.0,48.29116317312306,1.28,123.0,0.7121212121212122,66,45.0,1605,188.0,0.08,11.0,0.7,1,1671,65.0,1.32,Clay,Buena,victorias,Regular,victorias,player1,True,False,False
0.0,0.22,2,0.62,472.0,0.48,0.52,-41.0,1,2,431.0,60.131666374127526,1.41,97.0,0.9112050739957717,-70,75.0,1730,109.0,0.3,5.0,0.68,1,1660,60.0,1.35,Clay,Buena,victorias,Excelente,victorias,player1,True,False,False
0.23,0.14,1,0.63,356.0,0.58,0.47,-98.0,1,7,258.0,48.480361521232666,1.24,140.0,0.7226890756302521,168,50.0,1585,209.0,0.46,10.0,0.64,1,1753,70.0,1.41,Clay,Buena,victorias,Regular,victorias,player1,True,False,False
0.22,0.25,0,0.35,2051.0,0.57,0.53,-1854.0,1,2,197.0,40.931202094043144,1.37,1.0,0.09600389863547758,94,65.0,1679,288.0,0.0,7.0,0.71,6,1773,80.0,1.57,Clay,Excelente,victorias,Buena,victorias,player2,True,False,False
0.0,0.18,0,0.0,241.74440814222476,0.56,0.46,56.823802060737655,1,2,301.0,37.780774107077804,1.26,292.15449044877965,1.3606259246799561,37,40.0,1583,176.0,0.24,12.0,0.64,1,1620,50.0,1.31,Clay,Regular,victorias,Regular,victorias,player2,True,False,False
0.22,0.2,0,0.62,474.0,0.55,0.52,-210.0,1,3,264.0,47.37352037392676,1.3,96.0,0.5557894736842105,68,55.0,1647,199.0,0.0,9.0,0.7,1,1715,65.0,1.38,Clay,Buena,victorias,Regular,victorias,player1,True,False,False
0.3,0.09,1,0.62,469.0,0.54,0.53,-65.0,1,5,404.0,37.71326740736514,1.32,98.0,0.8595744680851064,68,55.0,1677,119.0,0.08,9.0,0.62,1,1745,70.0,1.34,Clay,Buena,victorias,Regular,victorias,player1,True,False,False
0.08,0.14,0,0.61,500.0,0.51,0.51,-147.0,1,5,353.0,53.89215019973203,1.33,87.0,0.7045908183632734,-34,60.0,1680,141.0,0.0,8.0,0.63,1,1646,60.0,1.33,Clay,Buena,victorias,Buena,victorias,player1,True,False,False
0.22,0.19,2,0.62,444.0,0.55,0.54,-34.0,1,2,410.0,52.849897540060084,1.42,104.0,0.9213483146067416,-7,65.0,1754,116.0,0.0,7.0,0.62,1,1747,75.0,1.4,Clay,Excelente,victorias,Buena,victorias,player1,True,False,False
-0.0,0.12,0,1.04,58.0,0.0,0.47,122.0,-3,1,180.0,33.300000000000004,1.42,895.0,3.0508474576271185,101,40.0,1731,318.0,-0.0,12.0,1.0,2,1832,85.0,1.83,Grass,Excelente,victorias,Regular,derrotas,player1,False,True,False
0.17,0.27,3,1.04,51.0,0.0,0.0,-4.0,-4,14,47.0,41.02147843094158,1.29,948.0,0.9038461538461539,19,45.0,1717,970.0,0.19,11.0,1.16,-1,1736,40.0,1.3,Grass,Regular,derrotas,Regular,derrotas,player1,False,True,False
0.0,0.27,0,0.95,453.0,0.0,0.6,-356.0,5,3,97.0,79.30812368260958,1.87,101.0,0.21365638766519823,-18,75.0,1766,629.0,0.0,5.0,1.03,2,1748,55.0,1.61,Grass,Regular,victorias,Excelente,victorias,player1,False,True,False
0.12,0.27,3,1.05,41.0,0.57,0.52,4.0,-4,11,45.0,70.3035270194508,1.3,1130.0,1.0714285714285714,61,40.0,1711,994.0,0.08,12.0,1.04,-2,1772,50.0,1.42,Grass,Regular,derrotas,Regular,derrotas,player1,False,True,False
0.03,0.27,0,1.0,184.0,0.0,0.48,-152.0,2,4,32.0,57.791037440526786,1.61,315.0,0.17297297297297298,130,55.0,1668,1370.0,0.0,9.0,1.05,-1,1798,40.0,1.38,Grass,Regular,derrotas,Regular,victorias,player1,False,True,False
0.03,0.27,2,1.04,62.0,0.0,0.0,-46.0,-2,4,16.0,40.965603949987134,1.53,1012.0,0.25396825396825395,-17,55.0,1739,2449.0,0.02,9.0,1.07,-4,1722,30.0,1.29,Grass,Mala,derrotas,Regular,derrotas,player2,False,True,False
0.07,0.27,2,1.04,75.0,0.55,0.0,-17.0,-1,10,58.0,44.43904314844455,1.41,933.0,0.7631578947368421,17,50.0,1779,1051.0,0.08,10.0,1.15,-1,1796,50.0,1.45,Grass,Regular,derrotas,Regular,derrotas,player1,False,True,False
0.06,0.27,0,1.06,19.0,0.41,0.67,136.0,-1,10,155.0,66.41441662687346,1.46,1918.0,7.75,-128,55.0,1874,479.0,0.08,9.0,1.02,-1,1746,50.0,1.43,Grass,Regular,derrotas,Regular,derrotas,player2,False,True,False
0.03,0.27,0,0.96,479.0,0.44,0.58,-416.0,2,4,63.0,52.6054970799783,1.58,115.0,0.13125,115,55.0,1668,1009.0,0.0,9.0,1.15,-1,1783,65.0,1.56,Grass,Buena,derrotas,Regular,victorias,player2,False,True,False
0.02,0.27,1,1.02,140.0,0.0,0.59,-56.0,-4,5,84.0,65.43480667362809,1.38,545.0,0.5957446808510638,62,40.0,1756,888.0,0.02,12.0,1.04,-1,1818,70.0,1.66,Grass,Buena,derrotas,Regular,derrotas,player1,False,True,False
0.0,0.27,0,1.06,23.0,0.48,0.65,250.0,-5,3,273.0,65.68244524421922,1.4,1800.0,11.375,92,40.0,1714,253.0,0.0,12.0,0.99,-1,1806,70.0,1.68,Grass,Buena,derrotas,Regular,derrotas,player1,False,True,False
0.0,0.27,1,0.98,274.0,0.53,0.43,-58.0,1,3,216.0,54.947111566690765,1.64,192.0,0.7854545454545454,-60,60.0,1692,265.0,0.0,8.0,1.0,1,1632,45.0,1.51,Grass,Regular,victorias,Buena,victorias,player2,False,True,False
-0.0,0.27,0,0.97,326.0,0.45,0.0,-172.0,1,1,154.0,60.07037053940731,1.62,157.0,0.4709480122324159,-26,60.0,1701,386.0,-0.0,8.0,1.01,1,1675,55.0,1.6,Grass,Regular,victorias,Buena,victorias,player2,False,True,False
0.02,0.25,2,0.99,242.0,0.0,0.0,-20.0,1,5,222.0,59.16668935787988,1.52,231.0,0.9135802469135802,-17,50.0,1689,259.0,0.02,10.0,1.0,1,1672,60.0,1.57,Grass,Buena,victorias,Regular,victorias,player2,False,True,False
0.0,0.27,0,0.97,423.0,0.0,0.49,-210.0,1,2,213.0,60.0752957322249,1.57,136.0,0.5023584905660378,109,50.0,1606,344.0,0.0,10.0,1.01,1,1715,65.0,1.64,Grass,Buena,victorias,Regular,victorias,player1,False,True,False
0.03,0.24,1,0.96,461.0,0.45,0.38,80.0,1,3,541.0,63.513909600501194,1.43,121.0,1.170995670995671,117,35.0,1535,98.0,0.02,13.0,0.95,1,1652,55.0,1.55,Grass,Regular,victorias,Mala,victorias,player1,False,True,False
0.02,0.27,0,0.98,324.0,0.46,0.0,-107.0,1,4,217.0,59.56046407706777,1.64,197.0,0.6676923076923077,5,70.0,1714,334.0,0.02,6.0,1.01,1,1719,60.0,1.55,Grass,Buena,victorias,Buena,victorias,player1,False,True,False
0.0,0.27,1,1.0,261.0,0.0,0.47,-67.0,1,3,194.0,63.87034159090369,1.64,266.0,0.7404580152671756,12,65.0,1705,373.0,0.0,7.0,1.01,1,1717,55.0,1.6,Grass,Regular,victorias,Buena,victorias,player2,False,True,False
0.03,0.27,0,0.94,308.0,0.0,0.0,-107.0,1,5,201.0,67.343080456156,1.54,218.0,0.6504854368932039,8,50.0,1666,365.0,0.02,10.0,1.01,1,1674,50.0,1.5,Grass,Regular,victorias,Regular,victorias,player1,False,True,False
0.29,0.27,1,0.64,287.0,0.52,0.3,-60.0,-4,2,227.0,50.91419043978327,1.22,185.0,0.7881944444444444,65,45.0,1589,252.0,0.0,11.0,0.65,-1,1654,60.0,1.34,Clay,Buena,derrotas,Regular,derrotas,player1,True,False,False
0.22,0.25,0,0.63,332.0,0.52,0.5,-153.0,-1,4,179.0,59.37800189939183,1.18,151.0,0.5375375375375375,88,45.0,1589,322.0,0.29,11.0,0.65,-1,1677,60.0,1.34,Clay,Buena,derrotas,Regular,derrotas,player1,True,False,False
0.19,0.27,0,0.66,136.0,0.6,0.53,385.0,-1,3,521.0,25.072043335266592,1.26,450.0,3.802919708029197,130,50.0,1670,79.0,0.0,10.0,0.61,-1,1800,65.0,1.38,Clay,Buena,derrotas,Regular,derrotas,player1,True,False,False
0.0,0.25,0,0.67,103.0,0.52,0.54,275.0,-1,3,378.0,17.985273811309614,1.26,600.0,3.6346153846153846,-88,50.0,1670,128.0,0.29,10.0,0.63,-1,1582,45.0,1.23,Clay,Regular,derrotas,Regular,derrotas,player2,True,False,False
0.0,0.27,2,0.65,209.0,0.62,0.56,16.0,-1,1,225.0,71.64094563752758,1.33,272.0,1.0714285714285714,55,60.0,1669,256.0,0.22,8.0,0.65,-2,1724,65.0,1.4,Clay,Buena,derrotas,Buena,derrotas,player2,True,False,False
0.24,0.22,1,0.64,280.0,0.53,0.49,-74.0,-1,6,206.0,51.86587727743613,1.36,189.0,0.7330960854092526,-107,70.0,1706,276.0,0.08,6.0,0.65,-2,1599,45.0,1.16,Clay,Regular,derrotas,Buena,derrotas,player2,True,False,False
0.0,0.26,0,0.67,95.0,0.0,0.52,126.0,-1,4,221.0,62.83130530906252,1.25,633.0,2.3020833333333335,-119,50.0,1720,259.0,0.34,10.0,0.65,-6,1601,40.0,1.19,Clay,Regular,derrotas,Regular,derrotas,player2,True,False,False
0.24,0.18,2,0.71,245.0,0.53,0.51,36.0,-1,2,281.0,54.68885138821777,1.32,225.0,1.1422764227642277,-7,60.0,1642,188.0,0.0,8.0,0.64,-2,1635,60.0,1.32,Clay,Buena,derrotas,Buena,derrotas,player2,True,False,False
0.0,0.21,0,0.63,354.0,0.44,0.42,-147.0,-2,1,207.0,51.569675181186945,1.23,141.0,0.5830985915492958,114,45.0,1584,274.0,0.0,11.0,0.71,-1,1698,65.0,1.37,Clay,Buena,derrotas,Regular,derrotas,player1,True,False,False
0.08,0.21,0,0.67,106.0,0.56,0.58,123.0,-2,2,229.0,56.85651408524363,1.3,585.0,2.1401869158878504,109,60.0,1703,251.0,0.0,8.0,0.65,-1,1812,85.0,1.49,Clay,Excelente,derrotas,Buena,derrotas,player1,True,False,False
0.0,0.27,0,1.06,33.0,0.0,0.69,128.0,-3,3,161.0,66.92190123851158,1.33,1405.0,4.735294117647059,2,30.0,1719,467.0,0.0,14.0,1.02,-2,1721,60.0,1.61,Grass,Buena,derrotas,Mala,derrotas,player1,False,True,False
0.13,0.27,0,0.98,268.0,0.62,0.0,-147.0,-2,11,121.0,51.940501455996554,1.41,196.0,0.44981412639405205,66,55.0,1816,660.0,0.14,9.0,1.03,-2,1882,50.0,1.44,Grass,Regular,derrotas,Regular,derrotas,player2,False,True,False
0.24,0.27,0,0.0,158.12938951634925,0.56,0.65,-127.83871999472672,1,3,104.0,32.0270129348025,1.35,656.3707341097518,0.44073139125147637,98,70.0,1740,731.0,0.19,6.0,0.67,-1,1838,70.0,1.42,Clay,Buena,derrotas,Buena,victorias,player1,True,False,False
0.0,0.27,0,0.61,262.0,0.54,0.64,174.0,5,3,436.0,71.38188931218839,1.49,266.0,1.6577946768060836,-188,70.0,1779,131.0,0.31,6.0,0.63,-1,1591,40.0,1.18,Clay,Regular,derrotas,Buena,victorias,player1,True,False,False
0.2,0.27,2,0.67,131.0,0.56,0.56,11.0,-1,1,142.0,52.85890555090712,1.37,571.0,1.0757575757575757,-77,70.0,1758,533.0,0.0,6.0,0.66,-2,1681,60.0,1.32,Clay,Buena,derrotas,Buena,derrotas,player1,True,False,False
0.0,0.09,0,1.03,127.0,0.0,0.0,149.0,-2,2,276.0,46.40720418407468,1.46,617.0,2.15625,161,45.0,1682,250.0,0.0,11.0,0.99,-1,1843,85.0,1.78,Grass,Excelente,derrotas,Regular,derrotas,player1,False,True,False
-0.0,0.27,0,0.0,283.9223036311166,0.0,0.0,-247.22033212582343,-1,0,68.0,45.353960358639405,1.45,496.96808714587195,0.3626115258749116,257,40.0,1493,961.0,-0.0,3.0,1.15,-1,1750,50.0,1.52,Grass,Regular,derrotas,Regular,derrotas,player1,False,True,False
0.02,0.27,2,1.02,172.0,0.0,0.0,-29.0,-1,4,143.0,49.250222380938204,1.56,431.0,0.8265895953757225,45,65.0,1746,532.0,0.03,7.0,1.02,-2,1791,65.0,1.56,Grass,Buena,derrotas,Buena,derrotas,player2,False,True,False
0.07,0.27,1,1.04,92.0,0.39,0.0,71.0,-1,11,163.0,35.31746677339554,1.48,820.0,1.7526881720430108,-143,65.0,1808,463.0,0.15,7.0,1.02,-4,1665,45.0,1.33,Grass,Regular,derrotas,Buena,derrotas,player2,False,True,False
-0.0,0.27,3,1.01,177.0,0.47,0.0,-4.0,-1,1,173.0,65.87463911385885,1.58,413.0,0.9719101123595506,24,70.0,1769,428.0,-0.0,6.0,1.01,-1,1793,65.0,1.65,Grass,Buena,derrotas,Buena,derrotas,player2,False,True,False
0.02,0.26,2,1.02,120.0,0.0,0.0,29.0,-2,4,149.0,72.08525321948208,1.48,522.0,1.2314049586776858,-34,50.0,1685,404.0,0.01,10.0,1.01,-1,1651,65.0,1.56,Grass,Buena,derrotas,Regular,derrotas,player1,False,True,False
0.0,0.27,0,0.97,334.0,0.0,0.55,-165.0,-2,3,169.0,58.505669393067095,1.55,150.0,0.5044776119402985,-175,55.0,1743,344.0,0.0,9.0,1.01,-2,1568,35.0,1.41,Grass,Mala,derrotas,Regular,derrotas,player2,False,True,False
-0.0,0.19,1,1.02,131.0,0.0,0.51,100.0,-3,0,231.0,72.20611725665044,1.49,465.0,1.75,62,45.0,1626,250.0,-0.0,11.0,0.99,-1,1688,60.0,1.58,Grass,Buena,derrotas,Regular,derrotas,player2,False,True,False
-0.0,0.27,3,1.01,148.0,0.0,0.0,-5.0,-1,0,143.0,67.95594935087337,1.66,404.0,0.959731543624161,-70,75.0,1811,411.0,-0.0,5.0,1.01,-1,1741,70.0,1.63,Grass,Buena,derrotas,Excelente,derrotas,player2,False,True,False
0.0,0.0,0,0.58,775.0,0.42,0.44,1342.0,1,1,2117.0,45.123336892097576,1.27,38.0,2.7280927835051547,2,45.0,1550,1.0,0.0,11.0,0.35,1,1552,45.5,1.32,Clay,Regular,victorias,Regular,victorias,player2,True,False,False
0.29,0.23,0,0.63,371.0,0.52,0.53,208.0,-1,4,579.0,53.96762029415685,1.27,131.0,1.5564516129032258,-28,55.0,1672,67.0,0.34,9.0,0.6,-1,1644,60.0,1.3,Clay,Buena,derrotas,Regular,derrotas,player2,True,False,False
0.59,0.23,0,0.6,620.0,0.56,0.48,-233.0,-4,12,387.0,28.816890493998127,1.13,58.0,0.6231884057971014,118,50.0,1577,125.0,0.34,10.0,0.63,-1,1695,55.0,1.19,Clay,Regular,derrotas,Regular,derrotas,player1,True,False,False
0.0,0.0,0,0.32,2215.0,0.2,0.33,-1031.0,-1,0,1184.0,30.52678169703232,1.2,1.0,0.5342960288808665,-39,30.8,1503,10.0,0.0,9.0,0.48,-2,1464,40.0,1.23,Clay,Regular,derrotas,Mala,derrotas,player2,True,False,False
0.48,0.21,0,0.5,1081.0,0.38,0.38,181.0,-3,11,1262.0,40.997102525759125,0.92,14.0,1.1663585951940851,49,20.0,1418,8.0,0.53,16.0,0.46,-2,1467,30.0,1.06,Clay,Mala,derrotas,Mala,derrotas,player2,True,False,False
0.42,0.24,0,0.69,395.0,0.6,0.51,-113.0,1,4,282.0,48.29116317312306,1.28,123.0,0.7121212121212122,66,45.0,1605,188.0,0.08,11.0,0.7,1,1671,65.0,1.32,Clay,Buena,victorias,Regular,victorias,player1,True,False,False
0.0,0.22,2,0.62,472.0,0.48,0.52,-41.0,1,2,431.0,60.131658922096754,1.41,97.0,0.9112050739957717,-70,75.0,1730,109.0,0.3,5.0,0.68,1,1660,60.0,1.35,Clay,Buena,victorias,Excelente,victorias,player1,True,False,False
0.23,0.14,1,0.63,356.0,0.58,0.47,-98.0,1,7,258.0,48.48039947323834,1.24,140.0,0.7226890756302521,168,50.0,1585,209.0,0.46,10.0,0.64,1,1753,70.0,1.41,Clay,Buena,victorias,Regular,victorias,player1,True,False,False
0.22,0.25,0,0.35,2051.0,0.57,0.53,-1854.0,1,2,197.0,40.931202094043144,1.37,1.0,0.09600389863547758,94,65.0,1679,288.0,0.0,7.0,0.71,6,1773,80.0,1.57,Clay,Excelente,victorias,Buena,victorias,player2,True,False,False
0.0,0.18,0,0.0,241.74440814222476,0.56,0.46,56.823802060737655,1,2,301.0,37.780774107077804,1.26,292.15449044877965,1.3606259246799561,37,40.0,1583,176.0,0.24,12.0,0.64,1,1620,50.0,1.31,Clay,Regular,victorias,Regular,victorias,player2,True,False,False
0.22,0.2,0,0.62,474.0,0.55,0.52,-210.0,1,3,264.0,47.37352037392676,1.3,96.0,0.5557894736842105,68,55.0,1647,199.0,0.0,9.0,0.7,1,1715,65.0,1.38,Clay,Buena,victorias,Regular,victorias,player1,True,False,False
0.3,0.09,1,0.62,469.0,0.54,0.53,-65.0,1,5,404.0,37.713385982268754,1.32,98.0,0.8595744680851064,68,55.0,1677,119.0,0.08,9.0,0.62,1,1745,70.0,1.34,Clay,Buena,victorias,Regular,victorias,player1,True,False,False
0.08,0.14,0,0.61,500.0,0.51,0.51,-147.0,1,5,353.0,53.89215019973203,1.33,87.0,0.7045908183632734,-34,60.0,1680,141.0,0.0,8.0,0.63,1,1646,60.0,1.33,Clay,Buena,victorias,Buena,victorias,player1,True,False,False
0.22,0.19,2,0.62,444.0,0.55,0.54,-34.0,1,2,410.0,52.849897540060084,1.42,104.0,0.9213483146067416,-7,65.0,1754,116.0,0.0,7.0,0.62,1,1747,75.0,1.4,Clay,Excelente,victorias,Buena,victorias,player1,True,False,False
-0.0,0.12,0,1.04,58.0,0.0,0.47,122.0,-3,1,180.0,33.300000000000004,1.42,895.0,3.0508474576271185,101,40.0,1731,318.0,-0.0,12.0,1.0,2,1832,85.0,1.83,Grass,Excelente,victorias,Regular,derrotas,player1,False,True,False
0.17,0.27,3,1.04,51.0,0.0,0.0,-4.0,-4,14,47.0,41.02148027397447,1.29,948.0,0.9038461538461539,19,45.0,1717,970.0,0.19,11.0,1.16,-1,1736,40.0,1.3,Grass,Regular,derrotas,Regular,derrotas,player1,False,True,False
0.0,0.27,0,0.95,453.0,0.0,0.6,-356.0,5,3,97.0,79.3081237115294,1.87,101.0,0.21365638766519823,-18,75.0,1766,629.0,0.0,5.0,1.03,2,1748,55.0,1.61,Grass,Regular,victorias,Excelente,victorias,player1,False,True,False
0.12,0.27,3,1.05,41.0,0.57,0.52,4.0,-4,11,45.0,70.3035270194508,1.3,1130.0,1.0714285714285714,61,40.0,1711,994.0,0.08,12.0,1.04,-2,1772,50.0,1.42,Grass,Regular,derrotas,Regular,derrotas,player1,False,True,False
0.03,0.27,0,1.0,184.0,0.0,0.48,-152.0,2,4,32.0,57.791037440526786,1.61,315.0,0.17297297297297298,130,55.0,1668,1370.0,0.0,9.0,1.05,-1,1798,40.0,1.38,Grass,Regular,derrotas,Regular,victorias,player1,False,True,False
0.03,0.27,2,1.04,62.0,0.0,0.0,-46.0,-2,4,16.0,40.965603949987134,1.53,1012.0,0.25396825396825395,-17,55.0,1739,2449.0,0.02,9.0,1.07,-4,1722,30.0,1.29,Grass,Mala,derrotas,Regular,derrotas,player2,False,True,False
0.07,0.27,2,1.04,75.0,0.55,0.0,-17.0,-1,10,58.0,44.43904314844455,1.41,933.0,0.7631578947368421,17,50.0,1779,1051.0,0.08,10.0,1.15,-1,1796,50.0,1.45,Grass,Regular,derrotas,Regular,derrotas,player1,False,True,False
0.06,0.27,0,1.06,19.0,0.41,0.67,136.0,-1,10,155.0,66.41441662687346,1.46,1918.0,7.75,-128,55.0,1874,479.0,0.08,9.0,1.02,-1,1746,50.0,1.43,Grass,Regular,derrotas,Regular,derrotas,player2,False,True,False
0.03,0.27,0,0.96,479.0,0.44,0.58,-416.0,2,4,63.0,52.6054970799783,1.58,115.0,0.13125,115,55.0,1668,1009.0,0.0,9.0,1.15,-1,1783,65.0,1.56,Grass,Buena,derrotas,Regular,victorias,player2,False,True,False
0.02,0.27,1,1.02,140.0,0.0,0.59,-56.0,-4,5,84.0,65.43480667362809,1.38,545.0,0.5957446808510638,62,40.0,1756,888.0,0.02,12.0,1.04,-1,1818,70.0,1.66,Grass,Buena,derrotas,Regular,derrotas,player1,False,True,False
0.0,0.27,0,1.06,23.0,0.48,0.65,250.0,-5,3,273.0,65.68244536956021,1.4,1800.0,11.375,92,40.0,1714,253.0,0.0,12.0,0.99,-1,1806,70.0,1.68,Grass,Buena,derrotas,Regular,derrotas,player1,False,True,False
0.0,0.19,0,0.62,454.0,0.53,0.52,-150.0,1,1,304.0,50.13451174250337,1.36,101.0,0.6681318681318681,-38,65.0,1711,172.0,0.16,7.0,0.64,1,1673,65.0,1.4,Clay,Buena,victorias,Buena,victorias,player2,True,False,False
0.24,0.12,0,0.62,437.0,0.59,0.52,-168.0,1,4,269.0,46.78225595929424,1.37,107.0,0.6141552511415526,107,70.0,1730,193.0,0.24,6.0,0.64,6,1837,85.0,1.54,Clay,Excelente,victorias,Buena,victorias,player1,True,False,False
0.0,0.27,1,0.98,274.0,0.53,0.43,-58.0,1,3,216.0,54.947111566690765,1.64,192.0,0.7854545454545454,-60,60.0,1692,265.0,0.0,8.0,1.0,1,1632,45.0,1.51,Grass,Regular,victorias,Buena,victorias,player2,False,True,False
-0.0,0.27,0,0.97,326.0,0.45,0.0,-172.0,1,1,154.0,60.07037053940731,1.62,157.0,0.4709480122324159,-26,60.0,1701,386.0,-0.0,8.0,1.01,1,1675,55.0,1.6,Grass,Regular,victorias,Buena,victorias,player2,False,True,False
0.02,0.25,2,0.99,242.0,0.0,0.0,-20.0,1,5,222.0,59.16668935787988,1.52,231.0,0.9135802469135802,-17,50.0,1689,259.0,0.02,10.0,1.0,1,1672,60.0,1.57,Grass,Buena,victorias,Regular,victorias,player2,False,True,False
0.0,0.27,0,0.97,423.0,0.0,0.49,-210.0,1,2,213.0,60.0752957322249,1.57,136.0,0.5023584905660378,109,50.0,1606,344.0,0.0,10.0,1.01,1,1715,65.0,1.64,Grass,Buena,victorias,Regular,victorias,player1,False,True,False
0.03,0.24,1,0.96,461.0,0.45,0.38,80.0,1,3,541.0,63.513909600501194,1.43,121.0,1.170995670995671,117,35.0,1535,98.0,0.02,13.0,0.95,1,1652,55.0,1.55,Grass,Regular,victorias,Mala,victorias,player1,False,True,False
0.02,0.27,0,0.98,324.0,0.46,0.0,-107.0,1,4,217.0,59.56046407706777,1.64,197.0,0.6676923076923077,5,70.0,1714,334.0,0.02,6.0,1.01,1,1719,60.0,1.55,Grass,Buena,victorias,Buena,victorias,player1,False,True,False
0.0,0.27,1,1.0,261.0,0.0,0.47,-67.0,1,3,194.0,63.87034159090369,1.64,266.0,0.7404580152671756,12,65.0,1705,373.0,0.0,7.0,1.01,1,1717,55.0,1.6,Grass,Regular,victorias,Buena,victorias,player2,False,True,False
0.03,0.27,0,0.94,308.0,0.0,0.0,-107.0,1,5,201.0,67.343080456156,1.54,218.0,0.6504854368932039,8,50.0,1666,365.0,0.02,10.0,1.01,1,1674,50.0,1.5,Grass,Regular,victorias,Regular,victorias,player1,False,True,False
0.29,0.27,1,0.64,287.0,0.52,0.3,-60.0,-4,2,227.0,50.91419043978327,1.22,185.0,0.7881944444444444,65,45.0,1589,252.0,0.0,11.0,0.65,-1,1654,60.0,1.34,Clay,Buena,derrotas,Regular,derrotas,player1,True,False,False
0.22,0.25,0,0.63,332.0,0.52,0.5,-153.0,-1,4,179.0,59.37800189939183,1.18,151.0,0.5375375375375375,88,45.0,1589,322.0,0.29,11.0,0.65,-1,1677,60.0,1.34,Clay,Buena,derrotas,Regular,derrotas,player1,True,False,False
0.19,0.27,0,0.66,136.0,0.6,0.53,385.0,-1,3,521.0,25.072043335266592,1.26,450.0,3.802919708029197,130,50.0,1670,79.0,0.0,10.0,0.61,-1,1800,65.0,1.38,Clay,Buena,derrotas,Regular,derrotas,player1,True,False,False
0.0,0.25,0,0.67,103.0,0.52,0.54,275.0,-1,3,378.0,17.985273811309614,1.26,600.0,3.6346153846153846,-88,50.0,1670,128.0,0.29,10.0,0.63,-1,1582,45.0,1.23,Clay,Regular,derrotas,Regular,derrotas,player2,True,False,False
0.0,0.27,2,0.65,209.0,0.62,0.56,16.0,-1,1,225.0,71.64072485762098,1.33,272.0,1.0714285714285714,55,60.0,1669,256.0,0.22,8.0,0.65,-2,1724,65.0,1.4,Clay,Buena,derrotas,Buena,derrotas,player2,True,False,False
0.24,0.22,1,0.64,280.0,0.53,0.49,-74.0,-1,6,206.0,51.86587727743613,1.36,189.0,0.7330960854092526,-107,70.0,1706,276.0,0.08,6.0,0.65,-2,1599,45.0,1.16,Clay,Regular,derrotas,Buena,derrotas,player2,True,False,False
0.0,0.26,0,0.67,95.0,0.0,0.52,126.0,-1,4,221.0,62.83182995825231,1.25,633.0,2.3020833333333335,-119,50.0,1720,259.0,0.34,10.0,0.65,-6,1601,40.0,1.19,Clay,Regular,derrotas,Regular,derrotas,player2,True,False,False
0.24,0.18,2,0.71,245.0,0.53,0.51,36.0,-1,2,281.0,54.68884271752231,1.32,225.0,1.1422764227642277,-7,60.0,1642,188.0,0.0,8.0,0.64,-2,1635,60.0,1.32,Clay,Buena,derrotas,Buena,derrotas,player2,True,False,False
0.0,0.21,0,0.63,354.0,0.44,0.42,-147.0,-2,1,207.0,51.569675181186945,1.23,141.0,0.5830985915492958,114,45.0,1584,274.0,0.0,11.0,0.71,-1,1698,65.0,1.37,Clay,Buena,derrotas,Regular,derrotas,player1,True,False,False
0.08,0.21,0,0.67,106.0,0.56,0.58,123.0,-2,2,229.0,56.85651408524363,1.3,585.0,2.1401869158878504,109,60.0,1703,251.0,0.0,8.0,0.65,-1,1812,85.0,1.49,Clay,Excelente,derrotas,Buena,derrotas,player1,True,False,False
0.0,0.27,0,1.06,33.0,0.0,0.69,128.0,-3,3,161.0,66.92190123851158,1.33,1405.0,4.735294117647059,2,30.0,1719,467.0,0.0,14.0,1.02,-2,1721,60.0,1.61,Grass,Buena,derrotas,Mala,derrotas,player1,False,True,False
0.13,0.27,0,0.98,268.0,0.62,0.0,-147.0,-2,11,121.0,51.940501455996554,1.41,196.0,0.44981412639405205,66,55.0,1816,660.0,0.14,9.0,1.03,-2,1882,50.0,1.44,Grass,Regular,derrotas,Regular,derrotas,player2,False,True,False
0.24,0.27,0,0.0,158.13081934169682,0.56,0.65,-127.83873618038649,1,3,104.0,32.02729360267967,1.35,656.3623635005414,0.4407304738807508,98,70.0,1740,731.0,0.19,6.0,0.67,-1,1838,70.0,1.42,Clay,Buena,derrotas,Buena,victorias,player1,True,False,False
0.0,0.27,0,0.61,262.0,0.54,0.64,174.0,5,3,436.0,71.38188931218839,1.49,266.0,1.6577946768060836,-188,70.0,1779,131.0,0.31,6.0,0.63,-1,1591,40.0,1.18,Clay,Regular,derrotas,Buena,victorias,player1,True,False,False
0.2,0.27,2,0.67,131.0,0.56,0.56,11.0,-1,1,142.0,52.85890555090712,1.37,571.0,1.0757575757575757,-77,70.0,1758,533.0,0.0,6.0,0.66,-2,1681,60.0,1.32,Clay,Buena,derrotas,Buena,derrotas,player1,True,False,False
0.0,0.09,0,1.03,127.0,0.0,0.0,149.0,-2,2,276.0,46.40720418407468,1.46,617.0,2.15625,161,45.0,1682,250.0,0.0,11.0,0.99,-1,1843,85.0,1.78,Grass,Excelente,derrotas,Regular,derrotas,player1,False,True,False
-0.0,0.27,0,0.0,283.9223036311166,0.0,0.0,-247.22033212582343,-1,0,68.0,45.353960358639405,1.45,496.96808714587195,0.3626115258749116,257,40.0,1493,961.0,-0.0,3.0,1.15,-1,1750,50.0,1.52,Grass,Regular,derrotas,Regular,derrotas,player1,False,True,False
0.02,0.27,2,1.02,172.0,0.0,0.0,-29.0,-1,4,143.0,49.250222380938204,1.56,431.0,0.8265895953757225,45,65.0,1746,532.0,0.03,7.0,1.02,-2,1791,65.0,1.56,Grass,Buena,derrotas,Buena,derrotas,player2,False,True,False
0.07,0.27,1,1.04,92.0,0.39,0.0,71.0,-1,11,163.0,35.31746677339554,1.48,820.0,1.7526881720430108,-143,65.0,1808,463.0,0.15,7.0,1.02,-4,1665,45.0,1.33,Grass,Regular,derrotas,Buena,derrotas,player2,False,True,False
-0.0,0.27,3,1.01,177.0,0.47,0.0,-4.0,-1,1,173.0,65.87463911385885,1.58,413.0,0.9719101123595506,24,70.0,1769,428.0,-0.0,6.0,1.01,-1,1793,65.0,1.65,Grass,Buena,derrotas,Buena,derrotas,player2,False,True,False
0.02,0.26,2,1.02,120.0,0.0,0.0,29.0,-2,4,149.0,72.08525321948208,1.48,522.0,1.2314049586776858,-34,50.0,1685,404.0,0.01,10.0,1.01,-1,1651,65.0,1.56,Grass,Buena,derrotas,Regular,derrotas,player1,False,True,False
0.0,0.27,0,0.97,334.0,0.0,0.55,-165.0,-2,3,169.0,58.505669393067095,1.55,150.0,0.5044776119402985,-175,55.0,1743,344.0,0.0,9.0,1.01,-2,1568,35.0,1.41,Grass,Mala,derrotas,Regular,derrotas,player2,False,True,False
-0.0,0.19,1,1.02,131.0,0.0,0.51,100.0,-3,0,231.0,72.20611725665044,1.49,465.0,1.75,62,45.0,1626,250.0,-0.0,11.0,0.99,-1,1688,60.0,1.58,Grass,Buena,derrotas,Regular,derrotas,player2,False,True,False
-0.0,0.27,3,1.01,148.0,0.0,0.0,-5.0,-1,0,143.0,67.95594935087337,1.66,404.0,0.959731543624161,-70,75.0,1811,411.0,-0.0,5.0,1.01,-1,1741,70.0,1.63,Grass,Buena,derrotas,Excelente,derrotas,player2,False,True,False
0.0,0.0,0,0.58,775.0,0.42,0.44,1342.0,1,1,2117.0,45.123336892097576,1.27,38.0,2.7280927835051547,2,45.0,1550,1.0,0.0,11.0,0.35,1,1552,45.5,1.32,Clay,Regular,victorias,Regular,victorias,player2,True,False,False
0.29,0.23,0,0.63,371.0,0.52,0.53,208.0,-1,4,579.0,53.96762029415685,1.27,131.0,1.5564516129032258,-28,55.0,1672,67.0,0.34,9.0,0.6,-1,1644,60.0,1.3,Clay,Buena,derrotas,Regular,derrotas,player2,True,False,False
0.59,0.23,0,0.6,620.0,0.56,0.48,-233.0,-4,12,387.0,28.816890493998127,1.13,58.0,0.6231884057971014,118,50.0,1577,125.0,0.34,10.0,0.63,-1,1695,55.0,1.19,Clay,Regular,derrotas,Regular,derrotas,player1,True,False,False
0.0,0.0,0,0.32,2215.0,0.2,0.33,-1031.0,-1,0,1184.0,30.52678169703232,1.2,1.0,0.5342960288808665,-39,30.8,1503,10.0,0.0,9.0,0.48,-2,1464,40.0,1.23,Clay,Regular,derrotas,Mala,derrotas,player2,True,False,False
0.48,0.21,0,0.5,1081.0,0.38,0.38,181.0,-3,11,1262.0,40.997102525759125,0.92,14.0,1.1663585951940851,49,20.0,1418,8.0,0.53,16.0,0.46,-2,1467,30.0,1.06,Clay,Mala,derrotas,Mala,derrotas,player2,True,False,False
0.0,0.0,0,0.58,775.0,0.42,0.44,1342.0,1,1,2117.0,45.12364354449943,1.29,38.0,2.7280927835051547,2,45.0,1550,1.0,0.0,11.0,0.35,1,1552,45.5,1.3,Clay,Regular,victorias,Regular,victorias,player2,True,False,False
0.24,0.12,2,0.7,285.0,0.59,0.52,-16.0,-1,4,269.0,52.006194171710156,1.34,187.0,0.9405594405594405,132,70.0,1710,193.0,0.24,6.0,0.64,7,1842,85.0,1.54,Clay,Excelente,victorias,Buena,derrotas,player1,True,False,False
0.0,0.14,0,0.53,831.0,0.31,0.44,267.0,-3,6,1098.0,45.61126861699631,1.24,32.0,1.3197115384615385,-1,50.0,1556,13.0,0.51,10.0,0.49,-1,1555,45.0,1.21,Clay,Regular,derrotas,Regular,derrotas,player2,True,False,False
0.0,0.0,0,0.58,775.0,0.42,0.44,1342.0,1,1,2117.0,45.123336892097576,1.27,38.0,2.7280927835051547,2,45.0,1550,1.0,0.0,11.0,0.35,1,1552,45.5,1.32,Clay,Regular,victorias,Regular,victorias,player2,True,False,False
0.13,0.27,1,1.03,113.0,0.44,0.52,-77.0,2,12,36.0,45.43141360185627,1.44,697.0,0.3157894736842105,112,45.0,1657,1328.0,0.09,11.0,1.15,-1,1769,45.0,1.39,Grass,Regular,derrotas,Regular,victorias,player2,False,True,False
0.02,0.27,1,1.03,120.0,0.0,0.0,-94.0,2,5,26.0,38.96904655360048,1.69,668.0,0.21487603305785125,40,75.0,1782,1631.0,0.0,5.0,1.15,-1,1822,60.0,1.51,Grass,Buena,derrotas,Excelente,victorias,player1,False,True,False
0.0,0.27,0,0.0,879.3866167535423,0.48,0.0,-338.5413140022392,-2,0,506.0,45.292658934555746,0.0,57.88694964758413,0.7644301934717853,145,0.0,1467,107.0,0.0,2.0,0.57,-1,1612,40.0,1.25,Clay,Regular,derrotas,Mala,derrotas,player1,True,False,False
0.2,0.26,0,0.49,1134.0,0.5,0.5,-681.0,-5,3,453.0,44.43858252644143,1.2,13.0,0.3991189427312775,-80,40.0,1613,124.0,0.23,12.0,0.58,-3,1533,30.0,1.16,Clay,Mala,derrotas,Regular,derrotas,player2,True,False,False
0.35,0.27,0,0.64,301.0,0.58,0.55,-123.0,-1,2,178.0,61.128542671523476,1.24,176.0,0.5894039735099338,109,50.0,1602,328.0,0.0,10.0,0.65,-3,1711,65.0,1.35,Clay,Buena,derrotas,Regular,derrotas,player1,True,False,False
0.29,0.23,0,0.63,371.0,0.52,0.53,208.0,-1,4,579.0,53.96618527250077,1.27,131.0,1.5564516129032258,-28,55.0,1672,67.0,0.34,9.0,0.6,-1,1644,60.0,1.3,Clay,Buena,derrotas,Regular,derrotas,player2,True,False,False
0.0,0.19,0,0.62,409.0,0.51,0.52,181.0,-1,6,590.0,52.043284798920745,1.24,116.0,1.4390243902439024,-48,50.0,1676,64.0,0.43,10.0,0.6,-1,1628,50.0,1.24,Clay,Regular,derrotas,Regular,derrotas,player2,True,False,False
0.59,0.23,0,0.6,620.0,0.56,0.48,-233.0,-4,12,387.0,28.816890493998127,1.13,58.0,0.6231884057971014,118,50.0,1577,125.0,0.34,10.0,0.63,-1,1695,55.0,1.19,Clay,Regular,derrotas,Regular,derrotas,player1,True,False,False
0.15,0.12,1,0.64,293.0,0.56,0.5,92.0,-1,7,385.0,73.06805892313221,1.3,179.0,1.3095238095238095,-22,65.0,1699,126.0,0.22,7.0,0.63,-3,1677,55.0,1.25,Clay,Regular,derrotas,Buena,derrotas,player1,True,False,False
0.3,0.2,0,0.53,1149.0,0.53,0.33,-814.0,-2,3,335.0,43.06321758324543,1.11,11.0,0.29130434782608694,157,30.0,1472,150.0,0.15,14.0,0.63,2,1629,55.0,1.34,Clay,Regular,victorias,Mala,derrotas,player1,True,False,False
0.22,0.27,2,0.67,106.0,0.69,0.56,33.0,-1,5,139.0,37.196702956616825,1.14,729.0,1.2990654205607477,99,35.0,1680,546.0,0.15,13.0,0.63,-1,1779,65.0,1.3,Clay,Buena,derrotas,Mala,derrotas,player2,True,False,False
0.26,0.27,0,0.67,118.0,0.62,0.6,186.70419683882258,-1,4,299.1677326723063,21.07808736479709,1.25,681.0,2.634492909997052,10,50.0,1699,433.46268198857894,0.48,10.0,0.0,-1,1709,60.0,1.3,Clay,Buena,derrotas,Regular,derrotas,player2,True,False,False
0.31,0.27,0,0.65,255.0,0.29,0.59,-131.0,-4,4,124.0,42.43058489047161,1.06,270.0,0.484375,48,25.0,1549,651.0,0.11,15.0,0.67,-4,1597,40.0,1.18,Clay,Regular,derrotas,Mala,derrotas,player1,True,False,False
0.24,0.26,0,0.66,175.0,0.51,0.53,146.0,-1,2,321.0,70.5270798541944,1.22,422.0,1.8238636363636365,13,45.0,1628,201.0,0.26,11.0,0.64,1,1641,55.0,1.35,Clay,Regular,victorias,Regular,derrotas,player2,True,False,False
0.0,0.16,0,0.54,2158.0,0.41,0.21,-1433.0,-1,1,725.0,28.59120852398759,1.08,1.0,0.33580361278369614,163,22.2,1446,42.0,0.06,7.0,0.91,-2,1609,50.0,1.3,Hard,Regular,derrotas,Mala,derrotas,player2,False,False,True
0.0,0.21,0,0.87,871.0,0.36,0.36,499.0,-1,1,1370.0,43.42402731491269,1.26,28.0,1.5711009174311927,-50,40.0,1518,6.0,0.09,12.0,0.74,-1,1468,30.0,1.14,Hard,Mala,derrotas,Regular,derrotas,player2,False,False,True
0.0,0.21,0,0.91,677.0,0.41,0.41,124.0,-2,2,801.0,55.98175693588991,1.36,49.0,1.1814159292035398,-21,65.0,1653,35.0,0.09,7.0,0.89,-1,1632,50.0,1.29,Hard,Regular,derrotas,Buena,derrotas,player2,False,False,True
0.09,0.27,0,1.05,35.0,0.54,0.0,89.47325055700591,-5,8,147.28274017830162,68.5982188387199,1.3,1283.0,3.4376631447411765,23,35.0,1743,598.1809857013515,0.04,13.0,0.0,1,1766,30.0,1.36,Grass,Mala,victorias,Mala,derrotas,player1,False,True,False
0.0,0.21,0,0.53,810.0,0.43,0.39,149.0,-1,3,959.0,54.773414687081804,1.31,34.0,1.1824907521578298,-41,55.0,1623,21.0,0.0,9.0,0.52,-1,1582,50.0,1.28,Clay,Regular,derrotas,Regular,derrotas,player2,True,False,False
0.41,0.25,0,0.52,879.0,0.46,0.4,-500.0,-2,3,379.0,42.5602754709217,1.24,27.0,0.43068181818181817,155,45.0,1529,127.0,0.0,11.0,0.58,-1,1684,50.0,1.27,Clay,Regular,derrotas,Regular,derrotas,player1,True,False,False
0.0,0.24,2,0.63,353.0,0.57,0.51,-22.0,2,5,331.0,53.97814533594658,1.37,141.0,0.9350282485875706,3,60.0,1658,152.0,0.32,8.0,0.63,-1,1661,60.0,1.27,Clay,Buena,derrotas,Buena,victorias,player1,True,False,False
0.0,0.16,0,0.92,649.0,0.38,0.38,-113.0,-2,1,536.0,26.884498696431056,1.35,53.0,0.8246153846153846,-2,55.0,1646,78.0,0.0,9.0,0.94,-4,1644,60.0,1.33,Hard,Buena,derrotas,Regular,derrotas,player1,False,False,True
0.1,0.25,0,0.93,611.0,0.42,0.42,-232.0,-1,3,379.0,29.54970369825463,1.26,60.0,0.619281045751634,-2,45.0,1591,127.0,0.12,11.0,0.96,-2,1589,40.0,1.19,Hard,Regular,derrotas,Regular,derrotas,player2,False,False,True
0.22,0.23,1,0.91,488.0,0.4,0.42,59.0,-1,7,547.0,59.72800727290827,1.29,112.0,1.1186094069529653,-25,65.0,1661,96.0,0.19,7.0,0.95,-1,1636,60.0,1.27,Hard,Buena,derrotas,Buena,derrotas,player2,False,False,True
0.0,0.14,0,0.53,831.0,0.3,0.45,267.0,1,6,1098.0,45.948760231303304,1.3,32.0,1.3197115384615385,-49,55.0,1584,13.0,0.51,9.0,0.49,-2,1535,45.0,1.21,Clay,Regular,derrotas,Regular,victorias,player2,True,False,False
0.0,0.0,0,0.58,775.0,0.42,0.44,1342.0,1,1,2117.0,45.123336892097576,1.27,38.0,2.7280927835051547,2,45.0,1550,1.0,0.0,11.0,0.35,1,1552,45.5,1.32,Clay,Regular,victorias,Regular,victorias,player2,True,False,False
0.13,0.27,1,1.03,113.0,0.42,0.6,-77.0,3,12,36.0,45.47980677268971,1.47,697.0,0.3157894736842105,65,50.0,1684,1328.0,0.09,10.0,1.15,-2,1749,45.0,1.37,Grass,Regular,derrotas,Regular,victorias,player2,False,True,False
0.02,0.27,1,1.03,120.0,0.0,0.0,-94.0,2,5,26.0,38.96904655360048,1.69,668.0,0.21487603305785125,40,75.0,1782,1631.0,0.0,5.0,1.15,-1,1822,60.0,1.51,Grass,Buena,derrotas,Excelente,victorias,player1,False,True,False
0.0,0.27,0,0.0,879.3866167535423,0.48,0.0,-338.5413140022392,-2,0,506.0,45.292658934555746,0.0,57.88694964758413,0.7644301934717853,145,0.0,1467,107.0,0.0,2.0,0.57,-1,1612,40.0,1.25,Clay,Regular,derrotas,Mala,derrotas,player1,True,False,False
0.2,0.26,0,0.49,1134.0,0.5,0.5,-681.0,-5,3,453.0,44.43858252644143,1.2,13.0,0.3991189427312775,-80,40.0,1613,124.0,0.23,12.0,0.58,-3,1533,30.0,1.16,Clay,Mala,derrotas,Regular,derrotas,player2,True,False,False
0.35,0.27,0,0.64,301.0,0.58,0.55,-123.0,-1,2,178.0,61.128542671523476,1.24,176.0,0.5894039735099338,109,50.0,1602,328.0,0.0,10.0,0.65,-3,1711,65.0,1.35,Clay,Buena,derrotas,Regular,derrotas,player1,True,False,False
0.26,0.23,0,0.63,371.0,0.52,0.53,208.0,1,4,579.0,51.94668626388586,1.33,131.0,1.5564516129032258,-57,60.0,1684,67.0,0.34,8.0,0.6,-2,1627,55.0,1.27,Clay,Regular,derrotas,Buena,victorias,player2,True,False,False
0.0,0.19,0,0.62,409.0,0.51,0.52,181.0,-1,6,590.0,52.043284798920745,1.24,116.0,1.4390243902439024,-48,50.0,1676,64.0,0.43,10.0,0.6,-1,1628,50.0,1.24,Clay,Regular,derrotas,Regular,derrotas,player2,True,False,False
0.59,0.23,0,0.6,620.0,0.56,0.48,-233.0,-4,12,387.0,28.816890493998127,1.13,58.0,0.6231884057971014,118,50.0,1577,125.0,0.34,10.0,0.63,-1,1695,55.0,1.19,Clay,Regular,derrotas,Regular,derrotas,player1,True,False,False
0.15,0.12,1,0.64,293.0,0.56,0.5,92.0,-1,7,385.0,73.06805892313221,1.3,179.0,1.3095238095238095,-22,65.0,1699,126.0,0.22,7.0,0.63,-3,1677,55.0,1.25,Clay,Regular,derrotas,Buena,derrotas,player1,True,False,False
0.3,0.2,0,0.53,1149.0,0.53,0.33,-814.0,-2,3,335.0,43.06321758324543,1.11,11.0,0.29130434782608694,157,30.0,1472,150.0,0.15,14.0,0.63,2,1629,55.0,1.34,Clay,Regular,victorias,Mala,derrotas,player1,True,False,False
0.22,0.27,2,0.67,106.0,0.69,0.56,33.0,-1,5,139.0,37.196702956616825,1.14,729.0,1.2990654205607477,99,35.0,1680,546.0,0.15,13.0,0.63,-1,1779,65.0,1.3,Clay,Buena,derrotas,Mala,derrotas,player2,True,False,False
0.26,0.27,0,0.67,118.0,0.62,0.6,186.70419683882258,-1,4,299.1677326723063,21.07808736479709,1.25,681.0,2.634492909997052,10,50.0,1699,433.46268198857894,0.48,10.0,0.0,-1,1709,60.0,1.3,Clay,Buena,derrotas,Regular,derrotas,player2,True,False,False
0.31,0.27,0,0.65,255.0,0.29,0.59,-131.0,-4,4,124.0,42.43058489047161,1.06,270.0,0.484375,48,25.0,1549,651.0,0.11,15.0,0.67,-4,1597,40.0,1.18,Clay,Regular,derrotas,Mala,derrotas,player1,True,False,False
0.24,0.26,0,0.66,175.0,0.51,0.53,146.0,-1,2,321.0,70.5270798541944,1.22,422.0,1.8238636363636365,13,45.0,1628,201.0,0.26,11.0,0.64,1,1641,55.0,1.35,Clay,Regular,victorias,Regular,derrotas,player2,True,False,False
0.0,0.16,0,0.54,2158.0,0.41,0.21,-1433.0,-1,1,725.0,28.59120852398759,1.08,1.0,0.33580361278369614,163,22.2,1446,42.0,0.06,7.0,0.91,-2,1609,50.0,1.3,Hard,Regular,derrotas,Mala,derrotas,player2,False,False,True
0.0,0.21,0,0.87,871.0,0.36,0.36,499.0,-1,1,1370.0,43.42402731491269,1.26,28.0,1.5711009174311927,-50,40.0,1518,6.0,0.09,12.0,0.74,-1,1468,30.0,1.14,Hard,Mala,derrotas,Regular,derrotas,player2,False,False,True
0.0,0.21,0,0.91,677.0,0.41,0.41,124.0,-2,2,801.0,55.98175693588991,1.36,49.0,1.1814159292035398,-21,65.0,1653,35.0,0.09,7.0,0.89,-1,1632,50.0,1.29,Hard,Regular,derrotas,Buena,derrotas,player2,False,False,True
0.09,0.27,0,1.05,35.0,0.54,0.0,89.47325055700591,-5,8,147.28274017830162,68.5982188387199,1.3,1283.0,3.4376631447411765,23,35.0,1743,598.1809857013515,0.04,13.0,0.0,1,1766,30.0,1.36,Grass,Mala,victorias,Mala,derrotas,player1,False,True,False
0.0,0.21,0,0.53,810.0,0.43,0.39,149.0,-1,3,959.0,54.773414687081804,1.31,34.0,1.1824907521578298,-41,55.0,1623,21.0,0.0,9.0,0.52,-1,1582,50.0,1.28,Clay,Regular,derrotas,Regular,derrotas,player2,True,False,False
0.41,0.25,0,0.52,879.0,0.46,0.4,-500.0,-2,3,379.0,42.5602754709217,1.24,27.0,0.43068181818181817,155,45.0,1529,127.0,0.0,11.0,0.58,-1,1684,50.0,1.27,Clay,Regular,derrotas,Regular,derrotas,player1,True,False,False
0.0,0.24,2,0.63,353.0,0.57,0.51,-22.0,2,5,331.0,53.97814533594658,1.37,141.0,0.9350282485875706,3,60.0,1658,152.0,0.32,8.0,0.63,-1,1661,60.0,1.27,Clay,Buena,derrotas,Buena,victorias,player1,True,False,False
0.0,0.16,0,0.92,649.0,0.38,0.38,-113.0,-2,1,536.0,26.884498696431056,1.35,53.0,0.8246153846153846,-2,55.0,1646,78.0,0.0,9.0,0.94,-4,1644,60.0,1.33,Hard,Buena,derrotas,Regular,derrotas,player1,False,False,True
0.1,0.25,0,0.93,611.0,0.42,0.42,-232.0,-1,3,379.0,29.54970369825463,1.26,60.0,0.619281045751634,-2,45.0,1591,127.0,0.12,11.0,0.96,-2,1589,40.0,1.19,Hard,Regular,derrotas,Regular,derrotas,player2,False,False,True
0.22,0.23,1,0.91,488.0,0.4,0.42,59.0,-1,7,547.0,59.72800727290814,1.29,112.0,1.1186094069529653,-25,65.0,1661,96.0,0.19,7.0,0.95,-1,1636,60.0,1.27,Hard,Buena,derrotas,Buena,derrotas,player2,False,False,True
