p2_ranking,p1_current_streak_count,p1_form_recent_score,p1_pts,p1_elo,p1_ranking_momentum_score,p2_elo,p2_ranking_momentum_score,p2_pts,p1_strength_of_schedule_score,p2_current_streak_count,match_competitiveness,p2_common_opponents_score,p2_surface_specialization_score,p2_form_losses,p1_surface_specialization_score,ranking_diff,p1_common_opponents_score,p1_form_win_percentage,ranking_ratio,p1_ranking,elo_diff,common_opponents_count,p2_form_recent_score,p2_form_win_percentage,p2_regional_comfort_win_rate,tipo_cancha,p1_form_status,p1_current_streak_type,p2_form_status,p2_current_streak_type,actual_winner,surface_Clay,surface_Grass,surface_Hard
85.0,-3,0.69,775.0,1760,1.04,1877,1.13,667.0,0.0,-1,2,0.39,0.0,10.0,0.0,-14.0,0.85,50.0,0.8255813953488372,71.0,-117,6,0.69,50.0,37.5,Harditf women: 12finisheddmitruk k.khomutsianskaya d.mansouri y.milovanovic e.207575--,Regular,derrotas,Regular,derrotas,player2,False,False,False
94.0,3,0.78,345.0,1703,1.14,1840,1.13,625.0,0.0,-1,1,0.66,0.0,9.0,0.0,72.0,0.0,65.0,1.7473684210526317,166.0,-137,4,0.71,55.0,50.0,Harditf women: 12finisheddmitruk k.khomutsianskaya d.mansouri y.milovanovic e.207575--,Buena,victorias,Regular,derrotas,player2,False,False,False
73.0,5,0.86,2960.0,2064,1.08,1804,1.04,763.0,0.0,-3,1,0.0,0.0,11.0,0.0,-62.0,0.92,75.0,0.14864864864864866,11.0,260,8,0.68,45.0,40.0,Harditf women: 12finisheddmitruk k.khomutsianskaya d.mansouri y.milovanovic e.207575--,Excelente,victorias,Regular,derrotas,player1,False,False,False
63.0,3,0.77,454.0,1806,1.15,1850,1.13,848.0,0.0,-1,1,0.49,0.0,11.0,0.0,68.0,0.32,60.0,2.046875,131.0,-44,2,0.68,45.0,42.9,Harditf women: 12finisheddmitruk k.khomutsianskaya d.mansouri y.milovanovic e.207575--,Buena,victorias,Regular,derrotas,player2,False,False,False
116.0,-1,0.72,700.0,1759,1.03,1812,1.02,498.0,0.0,1,2,0.0,0.0,10.0,0.0,-34.0,0.6,60.0,0.7008547008547008,82.0,-53,4,0.71,50.0,50.0,Harditf women: 12finisheddmitruk k.khomutsianskaya d.mansouri y.milovanovic e.207575--,Buena,derrotas,Regular,victorias,player2,False,False,False
58.0,-1,0.72,1625.0,1976,1.15,1726,1.04,889.0,0.0,-2,2,0.47,0.0,12.0,0.0,-35.0,0.84,60.0,0.3898305084745763,23.0,250,9,0.66,40.0,0.0,Harditf women: 12finisheddmitruk k.khomutsianskaya d.mansouri y.milovanovic e.207575--,Buena,derrotas,Regular,derrotas,player1,False,False,False
65.0,1,0.77,1335.0,2003,1.05,1882,1.13,845.0,0.0,-1,2,0.82,0.0,9.0,0.0,-32.0,0.79,75.0,0.5,33.0,121,9,0.71,55.0,63.6,Harditf women: 12finisheddmitruk k.khomutsianskaya d.mansouri y.milovanovic e.207575--,Excelente,victorias,Regular,derrotas,player1,False,False,False
92.0,-1,0.71,596.0,1701,1.03,1885,1.13,631.0,0.0,-1,3,0.68,0.0,9.0,0.0,10.0,0.0,55.0,1.096774193548387,102.0,-184,3,0.71,55.0,42.9,Harditf women: 12finisheddmitruk k.khomutsianskaya d.mansouri y.milovanovic e.207575--,Regular,derrotas,Regular,derrotas,player1,False,False,False
69.0,-3,0.68,1123.0,1832,1.05,1848,1.04,790.0,0.0,-2,2,0.65,0.0,12.0,0.0,-27.0,0.96,45.0,0.6,42.0,-16,10,0.66,40.0,62.5,Harditf women: 12finisheddmitruk k.khomutsianskaya d.mansouri y.milovanovic e.207575--,Regular,derrotas,Regular,derrotas,player2,False,False,False
87.0,-1,0.71,878.0,1899,1.04,1787,1.03,665.0,0.0,-2,2,0.42,0.0,11.0,0.0,-28.0,0.77,55.0,0.6704545454545454,59.0,112,6,0.68,45.0,50.0,Harditf women: 12finisheddmitruk k.khomutsianskaya d.mansouri y.milovanovic e.207575--,Regular,derrotas,Regular,derrotas,player1,False,False,False
8.0,17,1.56,2507.0,1716,0.52,1704,0.52,3881.0,0.1,5,3,0.3,0.82,3.0,0.85,6.0,0.0,90.0,1.5555555555555556,14.0,12,1,1.56,85.0,66.7,Clay,Excelente,victorias,Excelente,victorias,player2,True,False,False
8.0,17,1.56,2507.0,1716,0.52,1704,0.52,3881.0,0.1,5,3,0.3,0.82,3.0,0.85,6.0,0.0,90.0,1.5555555555555556,14.0,12,1,1.56,85.0,66.7,Clay,Excelente,victorias,Excelente,victorias,player2,True,False,False
8.0,17,1.56,2507.0,1716,0.52,1704,0.52,3881.0,0.1,5,3,0.3,0.82,3.0,0.85,6.0,0.0,90.0,1.5555555555555556,14.0,12,1,1.56,85.0,66.7,Clay,Excelente,victorias,Excelente,victorias,player2,True,False,False
8.0,17,1.56,2507.0,1716,0.52,1704,0.52,3881.0,0.1,5,3,0.3,0.82,3.0,0.85,6.0,0.0,90.0,1.5555555555555556,14.0,12,1,1.56,85.0,66.7,Clay,Excelente,victorias,Excelente,victorias,player2,True,False,False
8.0,17,1.56,2507.0,1716,0.52,1704,0.52,3881.0,0.1,5,3,0.3,0.82,3.0,0.85,6.0,0.0,90.0,1.5555555555555556,14.0,12,1,1.56,85.0,66.7,Clay,Excelente,victorias,Excelente,victorias,player2,True,False,False
8.0,17,1.56,2507.0,1716,0.52,1704,0.52,3881.0,0.1,5,3,0.3,0.82,3.0,0.85,6.0,0.0,90.0,1.5555555555555556,14.0,12,1,1.56,85.0,66.7,Clay,Excelente,victorias,Excelente,victorias,player2,True,False,False
89.0,5,1.55,1856.0,1584,0.52,1673,0.51,840.0,0.1,8,1,0.3,0.78,4.0,0.77,-68.0,0.0,60.0,0.23333333333333334,21.0,-89,1,1.56,80.0,60.0,Clay,Buena,victorias,Excelente,victorias,player2,True,False,False
89.0,5,1.55,1856.0,1584,0.52,1673,0.51,840.0,0.1,8,1,0.3,0.78,4.0,0.77,-68.0,0.0,60.0,0.23333333333333334,21.0,-89,1,1.56,80.0,60.0,Clay,Buena,victorias,Excelente,victorias,player2,True,False,False
89.0,5,1.55,1856.0,1584,0.52,1673,0.51,840.0,0.1,8,1,0.3,0.78,4.0,0.77,-68.0,0.0,60.0,0.23333333333333334,21.0,-89,1,1.56,80.0,60.0,Clay,Buena,victorias,Excelente,victorias,player2,True,False,False
89.0,5,1.55,1856.0,1584,0.52,1673,0.51,840.0,0.1,8,1,0.3,0.78,4.0,0.77,-68.0,0.0,60.0,0.23333333333333334,21.0,-89,1,1.56,80.0,60.0,Clay,Buena,victorias,Excelente,victorias,player2,True,False,False
89.0,5,1.55,1856.0,1584,0.52,1673,0.51,840.0,0.1,8,1,0.3,0.78,4.0,0.77,-68.0,0.0,60.0,0.23333333333333334,21.0,-89,1,1.56,80.0,60.0,Clay,Buena,victorias,Excelente,victorias,player2,True,False,False
89.0,5,1.55,1856.0,1584,0.52,1673,0.51,840.0,0.1,8,1,0.3,0.78,4.0,0.77,-68.0,0.0,60.0,0.23333333333333334,21.0,-89,1,1.56,80.0,60.0,Clay,Buena,victorias,Excelente,victorias,player2,True,False,False
8.0,17,1.56,2507.0,1716,0.52,1704,0.52,3881.0,0.1,5,3,0.3,0.82,3.0,0.85,6.0,0.0,90.0,1.5555555555555556,14.0,12,1,1.56,85.0,66.7,Clay,Excelente,victorias,Excelente,victorias,player2,True,False,False
8.0,17,1.56,2507.0,1716,0.52,1704,0.52,3881.0,0.1,5,3,0.3,0.82,3.0,0.85,6.0,0.0,90.0,1.5555555555555556,14.0,12,1,1.56,85.0,66.7,Clay,Excelente,victorias,Excelente,victorias,player2,True,False,False
8.0,17,1.56,2507.0,1716,0.52,1704,0.52,3881.0,0.1,5,3,0.3,0.82,3.0,0.85,6.0,0.0,90.0,1.5555555555555556,14.0,12,1,1.56,85.0,66.7,Clay,Excelente,victorias,Excelente,victorias,player2,True,False,False
8.0,17,1.56,2507.0,1716,0.52,1704,0.52,3881.0,0.1,5,3,0.3,0.82,3.0,0.85,6.0,0.0,90.0,1.5555555555555556,14.0,12,1,1.56,85.0,66.7,Clay,Excelente,victorias,Excelente,victorias,player2,True,False,False
8.0,17,1.56,2507.0,1716,0.52,1704,0.52,3881.0,0.1,5,3,0.3,0.82,3.0,0.85,6.0,0.0,90.0,1.5555555555555556,14.0,12,1,1.56,85.0,66.7,Clay,Excelente,victorias,Excelente,victorias,player2,True,False,False
8.0,17,1.56,2507.0,1716,0.52,1704,0.52,3881.0,0.1,5,3,0.3,0.82,3.0,0.85,6.0,0.0,90.0,1.5555555555555556,14.0,12,1,1.56,85.0,66.7,Clay,Excelente,victorias,Excelente,victorias,player2,True,False,False
89.0,5,1.55,1856.0,1584,0.52,1673,0.51,840.0,0.1,8,1,0.3,0.78,4.0,0.77,-68.0,0.0,60.0,0.23333333333333334,21.0,-89,1,1.56,80.0,60.0,Clay,Buena,victorias,Excelente,victorias,player2,True,False,False
89.0,5,1.55,1856.0,1584,0.52,1673,0.51,840.0,0.1,8,1,0.3,0.78,4.0,0.77,-68.0,0.0,60.0,0.23333333333333334,21.0,-89,1,1.56,80.0,60.0,Clay,Buena,victorias,Excelente,victorias,player2,True,False,False
89.0,5,1.55,1856.0,1584,0.52,1673,0.51,840.0,0.1,8,1,0.3,0.78,4.0,0.77,-68.0,0.0,60.0,0.23333333333333334,21.0,-89,1,1.56,80.0,60.0,Clay,Buena,victorias,Excelente,victorias,player2,True,False,False
89.0,5,1.55,1856.0,1584,0.52,1673,0.51,840.0,0.1,8,1,0.3,0.78,4.0,0.77,-68.0,0.0,60.0,0.23333333333333334,21.0,-89,1,1.56,80.0,60.0,Clay,Buena,victorias,Excelente,victorias,player2,True,False,False
89.0,5,1.55,1856.0,1584,0.52,1673,0.51,840.0,0.1,8,1,0.3,0.78,4.0,0.77,-68.0,0.0,60.0,0.23333333333333334,21.0,-89,1,1.56,80.0,60.0,Clay,Buena,victorias,Excelente,victorias,player2,True,False,False
89.0,5,1.55,1856.0,1584,0.52,1673,0.51,840.0,0.1,8,1,0.3,0.78,4.0,0.77,-68.0,0.0,60.0,0.23333333333333334,21.0,-89,1,1.56,80.0,60.0,Clay,Buena,victorias,Excelente,victorias,player2,True,False,False
8.0,17,1.38,2507.0,2064,0.52,2031,0.52,3881.0,0.1,5,3,0.0,0.67,3.0,0.73,6.0,0.75,90.0,1.5555555555555556,14.0,33,9,1.38,85.0,66.7,Clay,Excelente,victorias,Excelente,victorias,player2,True,False,False
8.0,17,1.38,2507.0,2064,0.52,2031,0.52,3881.0,0.1,5,3,0.0,0.67,3.0,0.73,6.0,0.75,90.0,1.5555555555555556,14.0,33,9,1.38,85.0,66.7,Clay,Excelente,victorias,Excelente,victorias,player2,True,False,False
8.0,17,1.38,2507.0,2064,0.52,2031,0.52,3881.0,0.1,5,3,0.0,0.67,3.0,0.73,6.0,0.75,90.0,1.5555555555555556,14.0,33,9,1.38,85.0,66.7,Clay,Excelente,victorias,Excelente,victorias,player2,True,False,False
8.0,17,1.38,2507.0,2064,0.52,2031,0.52,3881.0,0.1,5,3,0.0,0.67,3.0,0.73,6.0,0.75,90.0,1.5555555555555556,14.0,33,9,1.38,85.0,66.7,Clay,Excelente,victorias,Excelente,victorias,player2,True,False,False
8.0,17,1.38,2507.0,2064,0.52,2031,0.52,3881.0,0.1,5,3,0.0,0.67,3.0,0.73,6.0,0.75,90.0,1.5555555555555556,14.0,33,9,1.38,85.0,66.7,Clay,Excelente,victorias,Excelente,victorias,player2,True,False,False
8.0,17,1.38,2507.0,2064,0.52,2031,0.52,3881.0,0.1,5,3,0.0,0.67,3.0,0.73,6.0,0.75,90.0,1.5555555555555556,14.0,33,9,1.38,85.0,66.7,Clay,Excelente,victorias,Excelente,victorias,player2,True,False,False
89.0,5,1.52,1856.0,1935,0.52,1853,0.51,840.0,0.1,8,1,0.52,0.52,4.0,0.64,-68.0,0.0,60.0,0.23333333333333334,21.0,82,3,1.53,80.0,60.0,Clay,Buena,victorias,Excelente,victorias,player2,True,False,False
89.0,5,1.52,1856.0,1935,0.52,1853,0.51,840.0,0.1,8,1,0.52,0.52,4.0,0.64,-68.0,0.0,60.0,0.23333333333333334,21.0,82,3,1.53,80.0,60.0,Clay,Buena,victorias,Excelente,victorias,player2,True,False,False
89.0,5,1.52,1856.0,1935,0.52,1853,0.51,840.0,0.1,8,1,0.52,0.52,4.0,0.64,-68.0,0.0,60.0,0.23333333333333334,21.0,82,3,1.53,80.0,60.0,Clay,Buena,victorias,Excelente,victorias,player2,True,False,False
89.0,5,1.52,1856.0,1935,0.52,1853,0.51,840.0,0.1,8,1,0.52,0.52,4.0,0.64,-68.0,0.0,60.0,0.23333333333333334,21.0,82,3,1.53,80.0,60.0,Clay,Buena,victorias,Excelente,victorias,player2,True,False,False
89.0,5,1.52,1856.0,1935,0.52,1853,0.51,840.0,0.1,8,1,0.52,0.52,4.0,0.64,-68.0,0.0,60.0,0.23333333333333334,21.0,82,3,1.53,80.0,60.0,Clay,Buena,victorias,Excelente,victorias,player2,True,False,False
89.0,5,1.52,1856.0,1935,0.52,1853,0.51,840.0,0.1,8,1,0.52,0.52,4.0,0.64,-68.0,0.0,60.0,0.23333333333333334,21.0,82,3,1.53,80.0,60.0,Clay,Buena,victorias,Excelente,victorias,player2,True,False,False
8.0,17,1.38,2507.0,2064,0.52,2031,0.52,3881.0,0.1,5,3,0.0,0.67,3.0,0.73,6.0,0.75,90.0,1.5555555555555556,14.0,33,9,1.38,85.0,66.7,Clay,Excelente,victorias,Excelente,victorias,player2,True,False,False
8.0,17,1.38,2507.0,2064,0.52,2031,0.52,3881.0,0.1,5,3,0.0,0.67,3.0,0.73,6.0,0.75,90.0,1.5555555555555556,14.0,33,9,1.38,85.0,66.7,Clay,Excelente,victorias,Excelente,victorias,player2,True,False,False
8.0,17,1.38,2507.0,2064,0.52,2031,0.52,3881.0,0.1,5,3,0.0,0.67,3.0,0.73,6.0,0.75,90.0,1.5555555555555556,14.0,33,9,1.38,85.0,66.7,Clay,Excelente,victorias,Excelente,victorias,player2,True,False,False
8.0,17,1.38,2507.0,2064,0.52,2031,0.52,3881.0,0.1,5,3,0.0,0.67,3.0,0.73,6.0,0.75,90.0,1.5555555555555556,14.0,33,9,1.38,85.0,66.7,Clay,Excelente,victorias,Excelente,victorias,player2,True,False,False
8.0,17,1.38,2507.0,2064,0.52,2031,0.52,3881.0,0.1,5,3,0.0,0.67,3.0,0.73,6.0,0.75,90.0,1.5555555555555556,14.0,33,9,1.38,85.0,66.7,Clay,Excelente,victorias,Excelente,victorias,player2,True,False,False
8.0,17,1.38,2507.0,2064,0.52,2031,0.52,3881.0,0.1,5,3,0.0,0.67,3.0,0.73,6.0,0.75,90.0,1.5555555555555556,14.0,33,9,1.38,85.0,66.7,Clay,Excelente,victorias,Excelente,victorias,player2,True,False,False
89.0,5,1.52,1856.0,1935,0.52,1853,0.51,840.0,0.1,8,1,0.52,0.52,4.0,0.64,-68.0,0.0,60.0,0.23333333333333334,21.0,82,3,1.53,80.0,60.0,Clay,Buena,victorias,Excelente,victorias,player2,True,False,False
89.0,5,1.52,1856.0,1935,0.52,1853,0.51,840.0,0.1,8,1,0.52,0.52,4.0,0.64,-68.0,0.0,60.0,0.23333333333333334,21.0,82,3,1.53,80.0,60.0,Clay,Buena,victorias,Excelente,victorias,player2,True,False,False
89.0,5,1.52,1856.0,1935,0.52,1853,0.51,840.0,0.1,8,1,0.52,0.52,4.0,0.64,-68.0,0.0,60.0,0.23333333333333334,21.0,82,3,1.53,80.0,60.0,Clay,Buena,victorias,Excelente,victorias,player2,True,False,False
89.0,5,1.52,1856.0,1935,0.52,1853,0.51,840.0,0.1,8,1,0.52,0.52,4.0,0.64,-68.0,0.0,60.0,0.23333333333333334,21.0,82,3,1.53,80.0,60.0,Clay,Buena,victorias,Excelente,victorias,player2,True,False,False
89.0,5,1.52,1856.0,1935,0.52,1853,0.51,840.0,0.1,8,1,0.52,0.52,4.0,0.64,-68.0,0.0,60.0,0.23333333333333334,21.0,82,3,1.53,80.0,60.0,Clay,Buena,victorias,Excelente,victorias,player2,True,False,False
89.0,5,1.52,1856.0,1935,0.52,1853,0.51,840.0,0.1,8,1,0.52,0.52,4.0,0.64,-68.0,0.0,60.0,0.23333333333333334,21.0,82,3,1.53,80.0,60.0,Clay,Buena,victorias,Excelente,victorias,player2,True,False,False
78.0,1,1.62,256.0,1717,0.99,1742,1.03,747.0,0.23,1,0,-0.0,0.0,11.0,0.0,148.0,-0.0,60.0,2.8607594936708862,226.0,-25,1,1.54,45.0,33.3,Grass,Buena,victorias,Regular,victorias,player2,False,True,False
78.0,1,1.62,256.0,1717,0.99,1742,1.03,747.0,0.23,1,0,-0.0,0.0,11.0,0.0,148.0,-0.0,60.0,2.8607594936708862,226.0,-25,1,1.54,45.0,33.3,Grass,Buena,victorias,Regular,victorias,player2,False,True,False
184.0,1,1.48,596.0,1680,1.03,1659,1.0,315.0,0.27,3,1,0.05,0.49,9.0,0.0,-80.0,0.04,55.0,0.5621621621621622,104.0,21,9,1.59,55.0,58.3,Grass,Regular,victorias,Regular,victorias,player1,False,True,False
184.0,1,1.48,596.0,1680,1.03,1659,1.0,315.0,0.27,3,1,0.05,0.49,9.0,0.0,-80.0,0.04,55.0,0.5621621621621622,104.0,21,9,1.59,55.0,58.3,Grass,Regular,victorias,Regular,victorias,player1,False,True,False
360.0,1,1.57,579.0,1700,1.03,1692,0.97,137.0,0.27,3,0,-0.0,0.49,6.0,0.0,-252.0,-0.0,50.0,0.29916897506925205,108.0,8,1,1.72,70.0,100.0,Grass,Regular,victorias,Buena,victorias,player2,False,True,False
360.0,1,1.57,579.0,1700,1.03,1692,0.97,137.0,0.27,3,0,-0.0,0.49,6.0,0.0,-252.0,-0.0,50.0,0.29916897506925205,108.0,8,1,1.72,70.0,100.0,Grass,Regular,victorias,Buena,victorias,player2,False,True,False
165.0,1,1.36,408.0,1541,1.01,1706,1.01,348.0,0.27,1,2,0.04,0.0,7.0,0.0,-20.0,0.0,30.0,0.8734939759036144,145.0,-165,5,1.62,65.0,40.0,Grass,Mala,victorias,Buena,victorias,player2,False,True,False
165.0,1,1.36,408.0,1541,1.01,1706,1.01,348.0,0.27,1,2,0.04,0.0,7.0,0.0,-20.0,0.0,30.0,0.8734939759036144,145.0,-165,5,1.62,65.0,40.0,Grass,Mala,victorias,Buena,victorias,player2,False,True,False
105.0,1,1.44,504.0,1635,1.02,1750,1.03,590.0,0.27,1,2,0.03,0.0,9.0,0.0,19.0,0.0,40.0,1.169811320754717,124.0,-115,7,1.57,55.0,50.0,Grass,Regular,victorias,Regular,victorias,player2,False,True,False
105.0,1,1.44,504.0,1635,1.02,1750,1.03,590.0,0.27,1,2,0.03,0.0,9.0,0.0,19.0,0.0,40.0,1.169811320754717,124.0,-115,7,1.57,55.0,50.0,Grass,Regular,victorias,Regular,victorias,player2,False,True,False
99.0,1,1.5,329.0,1688,1.0,1629,1.03,626.0,0.27,1,1,0.02,0.0,15.0,0.0,78.0,0.02,50.0,1.77,177.0,59,5,1.36,25.0,20.0,Grass,Regular,victorias,Mala,victorias,player1,False,True,False
99.0,1,1.5,329.0,1688,1.0,1629,1.03,626.0,0.27,1,1,0.02,0.0,15.0,0.0,78.0,0.02,50.0,1.77,177.0,59,5,1.36,25.0,20.0,Grass,Regular,victorias,Mala,victorias,player1,False,True,False
142.0,1,1.52,385.0,1675,1.01,1736,1.01,412.0,0.26,1,2,0.04,0.0,8.0,0.0,13.0,0.0,50.0,1.083916083916084,155.0,-61,5,1.57,60.0,75.0,Grass,Regular,victorias,Buena,victorias,player2,False,True,False
142.0,1,1.52,385.0,1675,1.01,1736,1.01,412.0,0.26,1,2,0.04,0.0,8.0,0.0,13.0,0.0,50.0,1.083916083916084,155.0,-61,5,1.57,60.0,75.0,Grass,Regular,victorias,Buena,victorias,player2,False,True,False
154.0,1,1.62,250.0,1680,0.99,1668,1.01,386.0,0.18,1,1,0.0,0.0,8.0,0.0,77.0,0.0,65.0,1.4903225806451612,231.0,12,3,1.64,60.0,75.0,Grass,Buena,victorias,Buena,victorias,player2,False,True,False
154.0,1,1.62,250.0,1680,0.99,1668,1.01,386.0,0.18,1,1,0.0,0.0,8.0,0.0,77.0,0.0,65.0,1.4903225806451612,231.0,12,3,1.64,60.0,75.0,Grass,Buena,victorias,Buena,victorias,player2,False,True,False
134.0,1,1.55,243.0,1699,0.99,1749,1.02,563.0,0.27,1,0,0.02,0.0,9.0,0.24,148.0,0.02,55.0,2.088888888888889,282.0,-50,3,1.55,55.0,81.8,Grass,Regular,victorias,Regular,victorias,player1,False,True,False
134.0,1,1.55,243.0,1699,0.99,1749,1.02,563.0,0.27,1,0,0.02,0.0,9.0,0.24,148.0,0.02,55.0,2.088888888888889,282.0,-50,3,1.55,55.0,81.8,Grass,Regular,victorias,Regular,victorias,player1,False,True,False
199.0,-4,1.4,724.0,1670,1.03,1734,1.01,366.0,0.27,10,1,-0.0,0.0,7.0,0.59,-91.0,-0.0,40.0,0.54,108.0,-64,1,1.88,65.0,25.0,Grass,Regular,derrotas,Buena,victorias,player2,False,True,False
199.0,-4,1.4,724.0,1670,1.03,1734,1.01,366.0,0.27,10,1,-0.0,0.0,7.0,0.59,-91.0,-0.0,40.0,0.54,108.0,-64,1,1.88,65.0,25.0,Grass,Regular,derrotas,Buena,victorias,player2,False,True,False
37.0,3,1.66,633.0,1703,1.03,1745,1.05,1301.0,0.27,1,1,0.03,0.0,10.0,0.35,88.0,0.03,60.0,3.289473684210526,125.0,-42,5,1.5,50.0,71.4,Grass,Buena,victorias,Regular,victorias,player1,False,True,False
37.0,3,1.66,633.0,1703,1.03,1745,1.05,1301.0,0.27,1,1,0.03,0.0,10.0,0.35,88.0,0.03,60.0,3.289473684210526,125.0,-42,5,1.5,50.0,71.4,Grass,Buena,victorias,Regular,victorias,player1,False,True,False
276.0,-2,1.56,611.0,1723,1.03,1806,0.99,250.0,0.27,10,0,-0.0,0.0,2.0,0.0,-148.0,-0.0,60.0,0.4620938628158845,128.0,-83,1,1.88,90.0,70.0,Grass,Buena,derrotas,Excelente,victorias,player1,False,True,False
276.0,-2,1.56,611.0,1723,1.03,1806,0.99,250.0,0.27,10,0,-0.0,0.0,2.0,0.0,-148.0,-0.0,60.0,0.4620938628158845,128.0,-83,1,1.88,90.0,70.0,Grass,Buena,derrotas,Excelente,victorias,player1,False,True,False
130.0,1,1.59,1340.0,1831,1.05,1744,1.03,591.0,0.27,1,1,0.0,0.0,7.0,0.0,-95.0,0.0,55.0,0.26717557251908397,35.0,87,5,1.59,65.0,50.0,Grass,Regular,victorias,Buena,victorias,player1,False,True,False
130.0,1,1.59,1340.0,1831,1.05,1744,1.03,591.0,0.27,1,1,0.0,0.0,7.0,0.0,-95.0,0.0,55.0,0.26717557251908397,35.0,87,5,1.59,65.0,50.0,Grass,Regular,victorias,Buena,victorias,player1,False,True,False
137.0,1,1.64,334.0,1696,1.01,1743,1.02,551.0,0.27,1,1,-0.0,0.0,6.0,0.41,80.0,-0.0,65.0,1.5724637681159421,217.0,-47,1,1.67,70.0,76.2,Grass,Buena,victorias,Buena,victorias,player2,False,True,False
137.0,1,1.64,334.0,1696,1.01,1743,1.02,551.0,0.27,1,1,-0.0,0.0,6.0,0.41,80.0,-0.0,65.0,1.5724637681159421,217.0,-47,1,1.67,70.0,76.2,Grass,Buena,victorias,Buena,victorias,player2,False,True,False
146.0,3,1.74,428.0,1766,1.01,1767,0.97,524.0,0.27,1,2,-0.0,0.0,5.0,0.49,27.0,-0.0,65.0,1.1768707482993197,173.0,-1,1,1.77,75.0,78.3,Grass,Buena,victorias,Excelente,victorias,player1,False,True,False
146.0,3,1.74,428.0,1766,1.01,1767,0.97,524.0,0.27,1,2,-0.0,0.0,5.0,0.49,27.0,-0.0,65.0,1.1768707482993197,173.0,-1,1,1.77,75.0,78.3,Grass,Buena,victorias,Excelente,victorias,player1,False,True,False
148.0,1,1.43,1111.0,1636,1.05,1763,1.02,497.0,0.27,3,1,0.0,0.46,8.0,0.0,-97.0,0.02,35.0,0.3422818791946309,51.0,-127,5,1.64,60.0,66.7,Grass,Mala,victorias,Buena,victorias,player2,False,True,False
148.0,1,1.43,1111.0,1636,1.05,1763,1.02,497.0,0.27,3,1,0.0,0.46,8.0,0.0,-97.0,0.02,35.0,0.3422818791946309,51.0,-127,5,1.64,60.0,66.7,Grass,Mala,victorias,Buena,victorias,player2,False,True,False
210.0,1,1.5,980.0,1772,1.04,1618,1.01,348.0,0.27,1,0,0.04,0.41,11.0,0.0,-144.0,0.07,55.0,0.3127962085308057,66.0,154,7,1.45,45.0,60.0,Grass,Regular,victorias,Regular,victorias,player1,False,True,False
210.0,1,1.5,980.0,1772,1.04,1618,1.01,348.0,0.27,1,0,0.04,0.41,11.0,0.0,-144.0,0.07,55.0,0.3127962085308057,66.0,154,7,1.45,45.0,60.0,Grass,Regular,victorias,Regular,victorias,player1,False,True,False
639.0,3,1.49,69.0,1749,0.93,1707,0.92,55.0,0.0,3,1,0.17,0.42,4.0,0.44,-71.0,0.17,90.0,0.8875,568.0,42,6,1.42,80.0,0.0,Hard,Excelente,victorias,Excelente,victorias,player2,False,False,True
639.0,3,1.49,69.0,1749,0.93,1707,0.92,55.0,0.0,3,1,0.17,0.42,4.0,0.44,-71.0,0.17,90.0,0.8875,568.0,42,6,1.42,80.0,0.0,Hard,Excelente,victorias,Excelente,victorias,player2,False,False,True
436.0,3,1.39,49.0,1592,0.91,1664,1.05,107.0,0.19,1,0,0.13,0.41,9.0,0.36,242.0,0.0,50.0,1.551487414187643,678.0,-72,2,1.35,55.0,25.0,Hard,Regular,victorias,Regular,victorias,player1,False,False,True
436.0,3,1.39,49.0,1592,0.91,1664,1.05,107.0,0.19,1,0,0.13,0.41,9.0,0.36,242.0,0.0,50.0,1.551487414187643,678.0,-72,2,1.35,55.0,25.0,Hard,Regular,victorias,Regular,victorias,player1,False,False,True
369.0,1,1.27,188.0,1594,0.98,1720,1.06,133.0,0.23,6,1,0.0,0.4,6.0,0.41,-86.0,0.0,50.0,0.7648648648648648,283.0,-126,3,1.55,70.0,53.8,Hard,Regular,victorias,Buena,victorias,player2,False,False,True
369.0,1,1.27,188.0,1594,0.98,1720,1.06,133.0,0.23,6,1,0.0,0.4,6.0,0.41,-86.0,0.0,50.0,0.7648648648648648,283.0,-126,3,1.55,70.0,53.8,Hard,Regular,victorias,Buena,victorias,player2,False,False,True
307.0,1,1.39,96.0,1685,1.05,1712,1.07,169.0,0.09,1,0,0.09,0.44,6.0,0.4,168.0,0.0,65.0,1.5422077922077921,475.0,-27,2,1.4,70.0,80.0,Hard,Buena,victorias,Buena,victorias,player2,False,False,True
307.0,1,1.39,96.0,1685,1.05,1712,1.07,169.0,0.09,1,0,0.09,0.44,6.0,0.4,168.0,0.0,65.0,1.5422077922077921,475.0,-27,2,1.4,70.0,80.0,Hard,Buena,victorias,Buena,victorias,player2,False,False,True
192.0,1,1.34,600.0,1685,0.67,1658,0.65,301.0,0.27,1,1,0.23,0.51,10.0,0.48,-89.0,0.33,55.0,0.533678756476684,103.0,27,7,1.23,50.0,25.0,Clay,Regular,victorias,Regular,victorias,player2,True,False,False
192.0,1,1.34,600.0,1685,0.67,1658,0.65,301.0,0.27,1,1,0.23,0.51,10.0,0.48,-89.0,0.33,55.0,0.533678756476684,103.0,27,7,1.23,50.0,25.0,Clay,Regular,victorias,Regular,victorias,player2,True,False,False
193.0,1,1.33,192.0,1712,0.7,1614,0.65,299.0,0.25,1,1,0.0,0.48,9.0,0.53,82.0,0.22,55.0,1.4175257731958764,275.0,98,2,1.33,55.0,66.7,Clay,Regular,victorias,Regular,victorias,player1,True,False,False
193.0,1,1.33,192.0,1712,0.7,1614,0.65,299.0,0.25,1,1,0.0,0.48,9.0,0.53,82.0,0.22,55.0,1.4175257731958764,275.0,98,2,1.33,55.0,66.7,Clay,Regular,victorias,Regular,victorias,player1,True,False,False
202.0,1,1.35,756.0,1714,0.67,1647,0.71,279.0,0.27,1,0,0.0,0.47,9.0,0.57,-125.0,0.0,60.0,0.3793103448275862,77.0,67,2,1.33,55.0,50.0,Clay,Buena,victorias,Regular,victorias,player1,True,False,False
202.0,1,1.35,756.0,1714,0.67,1647,0.71,279.0,0.27,1,0,0.0,0.47,9.0,0.57,-125.0,0.0,60.0,0.3793103448275862,77.0,67,2,1.33,55.0,50.0,Clay,Buena,victorias,Regular,victorias,player1,True,False,False
396.0,1,1.32,73.0,1675,0.61,1670,0.63,122.0,0.21,3,0,0.2,0.46,8.0,0.45,155.0,0.0,55.0,1.3879093198992443,551.0,5,1,1.44,60.0,66.7,Clay,Regular,victorias,Buena,victorias,player2,True,False,False
396.0,1,1.32,73.0,1675,0.61,1670,0.63,122.0,0.21,3,0,0.2,0.46,8.0,0.45,155.0,0.0,55.0,1.3879093198992443,551.0,5,1,1.44,60.0,66.7,Clay,Regular,victorias,Buena,victorias,player2,True,False,False
410.0,1,1.29,52.0,1571,0.6,1726,0.62,116.0,0.2,3,0,0.38,0.52,5.0,0.39,249.0,0.0,50.0,1.6034063260340632,659.0,-155,4,1.48,75.0,66.7,Clay,Regular,victorias,Excelente,victorias,player1,True,False,False
410.0,1,1.29,52.0,1571,0.6,1726,0.62,116.0,0.2,3,0,0.38,0.52,5.0,0.39,249.0,0.0,50.0,1.6034063260340632,659.0,-155,4,1.48,75.0,66.7,Clay,Regular,victorias,Excelente,victorias,player1,True,False,False
139.0,1,1.31,406.0,1694,0.66,1662,0.66,436.0,0.27,1,3,0.0,0.5,11.0,0.5,7.0,0.39,60.0,1.042857142857143,146.0,32,5,1.24,45.0,50.0,Clay,Buena,victorias,Regular,victorias,player1,True,False,False
139.0,1,1.31,406.0,1694,0.66,1662,0.66,436.0,0.27,1,3,0.0,0.5,11.0,0.5,7.0,0.39,60.0,1.042857142857143,146.0,32,5,1.24,45.0,50.0,Clay,Buena,victorias,Regular,victorias,player1,True,False,False
194.0,1,1.33,547.0,1766,0.67,1631,0.65,298.0,0.27,1,1,0.0,0.52,10.0,0.55,-79.0,0.4,60.0,0.5897435897435898,115.0,135,6,1.24,50.0,40.0,Clay,Buena,victorias,Regular,victorias,player1,True,False,False
194.0,1,1.33,547.0,1766,0.67,1631,0.65,298.0,0.27,1,1,0.0,0.52,10.0,0.55,-79.0,0.4,60.0,0.5897435897435898,115.0,135,6,1.24,50.0,40.0,Clay,Buena,victorias,Regular,victorias,player1,True,False,False
195.0,1,1.33,370.0,1650,0.72,1634,0.71,293.0,0.27,1,2,0.0,0.41,10.0,0.45,-36.0,0.0,55.0,0.8112244897959183,159.0,16,2,1.31,50.0,50.0,Clay,Regular,victorias,Regular,victorias,player2,True,False,False
195.0,1,1.33,370.0,1650,0.72,1634,0.71,293.0,0.27,1,2,0.0,0.41,10.0,0.45,-36.0,0.0,55.0,0.8112244897959183,159.0,16,2,1.31,50.0,50.0,Clay,Regular,victorias,Regular,victorias,player2,True,False,False
62.0,1,1.31,252.0,1638,0.65,1787,0.68,856.0,0.27,1,0,0.26,0.66,10.0,0.46,165.0,0.49,55.0,3.6031746031746033,227.0,-149,3,1.29,50.0,33.3,Clay,Regular,victorias,Regular,victorias,player1,True,False,False
62.0,1,1.31,252.0,1638,0.65,1787,0.68,856.0,0.27,1,0,0.26,0.66,10.0,0.46,165.0,0.49,55.0,3.6031746031746033,227.0,-149,3,1.29,50.0,33.3,Clay,Regular,victorias,Regular,victorias,player1,True,False,False
456.0,1,1.36,579.0,1811,0.67,1637,0.62,101.0,0.27,3,0,0.0,0.38,8.0,0.67,-349.0,0.23,75.0,0.23413566739606126,107.0,174,4,1.4,60.0,57.1,Clay,Excelente,victorias,Buena,victorias,player1,True,False,False
456.0,1,1.36,579.0,1811,0.67,1637,0.62,101.0,0.27,3,0,0.0,0.38,8.0,0.67,-349.0,0.23,75.0,0.23413566739606126,107.0,174,4,1.4,60.0,57.1,Clay,Excelente,victorias,Buena,victorias,player1,True,False,False
102.0,3,1.37,165.0,1657,0.69,1657,0.67,604.0,0.25,1,0,0.0,0.52,12.0,0.48,212.0,0.44,70.0,3.0485436893203883,314.0,0,5,1.19,40.0,28.6,Clay,Buena,victorias,Regular,victorias,player1,True,False,False
102.0,3,1.37,165.0,1657,0.69,1657,0.67,604.0,0.25,1,0,0.0,0.52,12.0,0.48,212.0,0.44,70.0,3.0485436893203883,314.0,0,5,1.19,40.0,28.6,Clay,Buena,victorias,Regular,victorias,player1,True,False,False
378.0,1,1.33,199.0,1676,0.7,1591,0.63,128.0,0.2,1,0,0.0,0.47,11.0,0.49,-114.0,0.22,60.0,0.6965699208443272,264.0,85,3,1.26,45.0,50.0,Clay,Buena,victorias,Regular,victorias,player1,True,False,False
378.0,1,1.33,199.0,1676,0.7,1591,0.63,128.0,0.2,1,0,0.0,0.47,11.0,0.49,-114.0,0.22,60.0,0.6965699208443272,264.0,85,3,1.26,45.0,50.0,Clay,Buena,victorias,Regular,victorias,player1,True,False,False
324.0,1,1.37,251.0,1693,0.99,1699,1.07,159.0,0.26,1,1,0.1,0.4,7.0,0.35,-94.0,0.0,60.0,0.7076923076923077,230.0,-6,1,1.43,65.0,40.0,Hard,Buena,victorias,Buena,victorias,player2,False,False,True
324.0,1,1.37,251.0,1693,0.99,1699,1.07,159.0,0.26,1,1,0.1,0.4,7.0,0.35,-94.0,0.0,60.0,0.7076923076923077,230.0,-6,1,1.43,65.0,40.0,Hard,Buena,victorias,Buena,victorias,player2,False,False,True
172.0,1,1.24,357.0,1620,0.66,1750,0.66,431.0,0.27,1,2,0.28,0.0,6.0,0.57,32.0,0.0,40.0,1.1791907514450868,204.0,-130,4,1.37,70.0,66.7,Clay,Regular,victorias,Buena,victorias,player1,True,False,False
172.0,1,1.24,357.0,1620,0.66,1750,0.66,431.0,0.27,1,2,0.28,0.0,6.0,0.57,32.0,0.0,40.0,1.1791907514450868,204.0,-130,4,1.37,70.0,66.7,Clay,Regular,victorias,Buena,victorias,player1,True,False,False
753.0,1,1.36,407.0,1653,0.66,1630,0.59,48.0,0.26,2,0,0.0,0.49,8.0,0.46,-571.0,0.0,60.0,0.2413793103448276,182.0,23,1,1.39,60.0,50.0,Clay,Buena,victorias,Buena,victorias,player1,True,False,False
753.0,1,1.36,407.0,1653,0.66,1630,0.59,48.0,0.26,2,0,0.0,0.49,8.0,0.46,-571.0,0.0,60.0,0.2413793103448276,182.0,23,1,1.39,60.0,50.0,Clay,Buena,victorias,Buena,victorias,player1,True,False,False
297.0,1,1.32,1.0,1718,0.35,1688,0.64,228.0,0.27,1,0,0.26,0.61,7.0,0.57,1820.0,0.48,55.0,7.104026845637584,2117.0,30,4,1.32,65.0,61.5,Clay,Regular,victorias,Buena,victorias,player2,True,False,False
297.0,1,1.32,1.0,1718,0.35,1688,0.64,228.0,0.27,1,0,0.26,0.61,7.0,0.57,1820.0,0.48,55.0,7.104026845637584,2117.0,30,4,1.32,65.0,61.5,Clay,Regular,victorias,Buena,victorias,player2,True,False,False
156.0,1,1.34,108.0,1643,0.59,1621,0.66,478.0,0.25,1,0,0.0,0.41,11.0,0.56,344.0,0.24,60.0,3.1847133757961785,500.0,22,1,1.31,45.0,28.6,Clay,Buena,victorias,Regular,victorias,player2,True,False,False
156.0,1,1.34,108.0,1643,0.59,1621,0.66,478.0,0.25,1,0,0.0,0.41,11.0,0.56,344.0,0.24,60.0,3.1847133757961785,500.0,22,1,1.31,45.0,28.6,Clay,Buena,victorias,Regular,victorias,player2,True,False,False
54.0,-1,1.39,533.0,1683,0.66,1674,0.68,1082.0,0.27,-10,1,0.27,0.0,13.0,0.51,88.0,0.0,65.0,2.581818181818182,142.0,9,1,1.14,35.0,61.5,Clay,Buena,derrotas,Mala,derrotas,player2,True,False,False
54.0,-1,1.39,533.0,1683,0.66,1674,0.68,1082.0,0.27,-10,1,0.27,0.0,13.0,0.51,88.0,0.0,65.0,2.581818181818182,142.0,9,1,1.14,35.0,61.5,Clay,Buena,derrotas,Mala,derrotas,player2,True,False,False
76.0,-1,1.29,1115.0,1741,0.68,1708,0.67,762.0,0.27,1,2,0.0,0.57,8.0,0.55,-27.0,0.29,55.0,0.6363636363636364,49.0,33,4,1.31,60.0,73.3,Clay,Regular,derrotas,Buena,victorias,player1,True,False,False
76.0,-1,1.29,1115.0,1741,0.68,1708,0.67,762.0,0.27,1,2,0.0,0.57,8.0,0.55,-27.0,0.29,55.0,0.6363636363636364,49.0,33,4,1.31,60.0,73.3,Clay,Regular,derrotas,Buena,victorias,player1,True,False,False
260.0,-1,1.23,461.0,1651,0.63,1616,0.65,267.0,0.27,-2,1,0.0,0.46,9.0,0.53,-96.0,0.29,45.0,0.6283524904214559,164.0,35,5,1.24,55.0,50.0,Clay,Regular,derrotas,Regular,derrotas,player1,True,False,False
260.0,-1,1.23,461.0,1651,0.63,1616,0.65,267.0,0.27,-2,1,0.0,0.46,9.0,0.53,-96.0,0.29,45.0,0.6283524904214559,164.0,35,5,1.24,55.0,50.0,Clay,Regular,derrotas,Regular,derrotas,player1,True,False,False
292.0,-4,1.23,345.0,1643,0.65,1615,0.64,234.0,0.27,1,1,0.24,0.47,11.0,0.37,-81.0,0.33,50.0,0.7201365187713311,211.0,28,3,1.28,45.0,80.0,Clay,Regular,derrotas,Regular,victorias,player2,True,False,False
292.0,-4,1.23,345.0,1643,0.65,1615,0.64,234.0,0.27,1,1,0.24,0.47,11.0,0.37,-81.0,0.33,50.0,0.7201365187713311,211.0,28,3,1.28,45.0,80.0,Clay,Regular,derrotas,Regular,victorias,player2,True,False,False
114.0,-1,1.31,127.0,1623,0.63,1684,0.67,694.0,0.25,-1,0,0.0,0.58,10.0,0.5,338.0,0.0,60.0,3.9304347826086956,452.0,-61,3,1.26,50.0,0.0,Clay,Buena,derrotas,Regular,derrotas,player2,True,False,False
114.0,-1,1.31,127.0,1623,0.63,1684,0.67,694.0,0.25,-1,0,0.0,0.58,10.0,0.5,338.0,0.0,60.0,3.9304347826086956,452.0,-61,3,1.26,50.0,0.0,Clay,Buena,derrotas,Regular,derrotas,player2,True,False,False
417.0,-1,1.28,115.0,1660,0.62,1575,0.63,139.0,0.27,1,1,0.0,0.42,12.0,0.43,62.0,0.0,50.0,1.145933014354067,479.0,85,1,1.27,40.0,63.6,Clay,Regular,derrotas,Regular,victorias,player2,True,False,False
417.0,-1,1.28,115.0,1660,0.62,1575,0.63,139.0,0.27,1,1,0.0,0.42,12.0,0.43,62.0,0.0,50.0,1.145933014354067,479.0,85,1,1.27,40.0,63.6,Clay,Regular,derrotas,Regular,victorias,player2,True,False,False
237.0,-1,1.37,697.0,1777,0.67,1725,0.65,301.0,0.27,1,0,0.0,0.58,7.0,0.54,-124.0,0.0,65.0,0.47478991596638653,113.0,52,4,1.4,65.0,16.7,Clay,Buena,derrotas,Buena,victorias,player1,True,False,False
237.0,-1,1.37,697.0,1777,0.67,1725,0.65,301.0,0.27,1,0,0.0,0.58,7.0,0.54,-124.0,0.0,65.0,0.47478991596638653,113.0,52,4,1.4,65.0,16.7,Clay,Buena,derrotas,Buena,victorias,player1,True,False,False
111.0,1,1.3,202.0,1643,0.64,1663,0.67,699.0,0.27,1,0,0.22,0.46,10.0,0.43,208.0,0.03,55.0,2.8482142857142856,319.0,-20,4,1.28,50.0,33.3,Clay,Regular,victorias,Regular,victorias,player1,True,False,False
111.0,1,1.3,202.0,1643,0.64,1663,0.67,699.0,0.27,1,0,0.22,0.46,10.0,0.43,208.0,0.03,55.0,2.8482142857142856,319.0,-20,4,1.28,50.0,33.3,Clay,Regular,victorias,Regular,victorias,player1,True,False,False
139.0,1,1.24,836.0,1732,0.68,1755,0.63,546.0,0.27,1,2,0.31,0.67,7.0,0.54,-49.0,0.44,50.0,0.6428571428571429,90.0,-23,8,1.34,65.0,75.0,Clay,Regular,victorias,Buena,victorias,player2,True,False,False
139.0,1,1.24,836.0,1732,0.68,1755,0.63,546.0,0.27,1,2,0.31,0.67,7.0,0.54,-49.0,0.44,50.0,0.6428571428571429,90.0,-23,8,1.34,65.0,75.0,Clay,Regular,victorias,Buena,victorias,player2,True,False,False
153.0,1,1.34,281.0,1689,0.65,1783,0.66,492.0,0.27,1,1,0.28,0.62,6.0,0.56,97.0,0.0,60.0,1.6233766233766234,250.0,-94,4,1.37,70.0,63.6,Clay,Buena,victorias,Buena,victorias,player2,True,False,False
153.0,1,1.34,281.0,1689,0.65,1783,0.66,492.0,0.27,1,1,0.28,0.62,6.0,0.56,97.0,0.0,60.0,1.6233766233766234,250.0,-94,4,1.37,70.0,63.6,Clay,Buena,victorias,Buena,victorias,player2,True,False,False
1307.0,-1,1.34,100.0,1659,0.95,1410,0.75,7.0,0.0,-6,0,0.09,0.22,16.0,0.42,-847.0,0.0,55.0,0.3516819571865443,460.0,249,2,1.02,20.0,42.9,Hard,Regular,derrotas,Mala,derrotas,player1,False,False,True
1307.0,-1,1.34,100.0,1659,0.95,1410,0.75,7.0,0.0,-6,0,0.09,0.22,16.0,0.42,-847.0,0.0,55.0,0.3516819571865443,460.0,249,2,1.02,20.0,42.9,Hard,Regular,derrotas,Mala,derrotas,player1,False,False,True
1563.5280631686012,-4,1.04,2.0,1380,0.63,1443,0.0,4.795494208614071,0.0,-7,0,0.0,0.0,7.0,0.11,324.5620457410544,0.0,20.0,1.3463114073145548,1856.0,-63,0,0.95,12.5,23.610156318735616,Hard,Mala,derrotas,Mala,derrotas,player1,False,False,True
1563.5280631686012,-4,1.04,2.0,1380,0.63,1443,0.0,4.795494208614071,0.0,-7,0,0.0,0.0,7.0,0.11,324.5620457410544,0.0,20.0,1.3463114073145548,1856.0,-63,0,0.95,12.5,23.610156318735616,Hard,Mala,derrotas,Mala,derrotas,player1,False,False,True
1080.0,1,1.22,11.0,1512,0.81,1508,0.83,14.0,0.25,1,1,0.0,0.29,13.0,0.35,81.0,0.0,30.0,1.0740055504162813,1161.0,4,1,1.25,35.0,33.3,Hard,Mala,victorias,Mala,victorias,player2,False,False,True
1080.0,1,1.22,11.0,1512,0.81,1508,0.83,14.0,0.25,1,1,0.0,0.29,13.0,0.35,81.0,0.0,30.0,1.0740055504162813,1161.0,4,1,1.25,35.0,33.3,Hard,Mala,victorias,Mala,victorias,player2,False,False,True
1104.0,-1,1.08,3.0,1454,0.67,1486,0.82,13.0,0.0,-2,0,0.0,0.25,12.0,0.23,554.0,0.0,21.4,1.5004524886877828,1658.0,-32,0,1.25,40.0,25.0,Hard,Mala,derrotas,Regular,derrotas,player2,False,False,True
1104.0,-1,1.08,3.0,1454,0.67,1486,0.82,13.0,0.0,-2,0,0.0,0.25,12.0,0.23,554.0,0.0,21.4,1.5004524886877828,1658.0,-32,0,1.25,40.0,25.0,Hard,Mala,derrotas,Regular,derrotas,player2,False,False,True
539.0,1,1.1,1.0,1438,0.54,1609,0.94,77.0,0.2,1,0,0.0,0.37,9.0,0.15,1578.0,0.0,16.7,3.9203703703703705,2117.0,-171,1,1.37,55.0,40.0,Hard,Mala,victorias,Regular,victorias,player2,False,False,True
539.0,1,1.1,1.0,1438,0.54,1609,0.94,77.0,0.2,1,0,0.0,0.37,9.0,0.15,1578.0,0.0,16.7,3.9203703703703705,2117.0,-171,1,1.37,55.0,40.0,Hard,Mala,victorias,Regular,victorias,player2,False,False,True
950.0,1,1.36,27.0,1629,0.52,1595,0.52,21.0,0.21,1,1,0.3,0.3,9.0,0.0,-74.0,0.41,65.0,0.9211356466876972,876.0,34,3,1.32,55.0,55.6,Clay,Buena,victorias,Regular,victorias,player1,True,False,False
950.0,1,1.36,27.0,1629,0.52,1595,0.52,21.0,0.21,1,1,0.3,0.3,9.0,0.0,-74.0,0.41,65.0,0.9211356466876972,876.0,34,3,1.32,55.0,55.6,Clay,Buena,victorias,Regular,victorias,player1,True,False,False
716.0,1,1.25,6.0,1485,0.44,1601,0.54,43.0,0.09,1,0,0.0,0.34,9.0,0.26,645.0,0.0,35.0,1.8981868898186889,1361.0,-116,0,1.4,55.0,40.0,Clay,Mala,victorias,Regular,victorias,player2,True,False,False
716.0,1,1.25,6.0,1485,0.44,1601,0.54,43.0,0.09,1,0,0.0,0.34,9.0,0.26,645.0,0.0,35.0,1.8981868898186889,1361.0,-116,0,1.4,55.0,40.0,Clay,Mala,victorias,Regular,victorias,player2,True,False,False
913.0,1,1.18,8.0,1468,0.46,1520,0.52,24.0,0.12,1,0,0.34,0.28,9.0,0.25,364.0,0.0,30.0,1.3971553610503282,1277.0,-52,6,1.27,55.0,50.0,Clay,Mala,victorias,Regular,victorias,player1,True,False,False
913.0,1,1.18,8.0,1468,0.46,1520,0.52,24.0,0.12,1,0,0.34,0.28,9.0,0.25,364.0,0.0,30.0,1.3971553610503282,1277.0,-52,6,1.27,55.0,50.0,Clay,Mala,victorias,Regular,victorias,player1,True,False,False
1580.0,1,1.3,13.0,1540,0.49,1522,0.4,3.0,0.0,1,0,0.0,0.45,8.0,0.31,-488.0,0.0,40.0,0.6907020872865275,1092.0,18,0,1.29,38.5,66.7,Clay,Regular,victorias,Mala,victorias,player2,True,False,False
1580.0,1,1.3,13.0,1540,0.49,1522,0.4,3.0,0.0,1,0,0.0,0.45,8.0,0.31,-488.0,0.0,40.0,0.6907020872865275,1092.0,18,0,1.29,38.5,66.7,Clay,Regular,victorias,Mala,victorias,player2,True,False,False
1625.0,1,1.22,6.0,1479,0.44,1538,0.4,3.0,0.09,1,0,0.0,0.3,13.0,0.29,-255.0,0.0,30.0,0.8425584255842559,1370.0,-59,1,1.26,35.0,31.605510637421183,Clay,Mala,victorias,Mala,victorias,player2,True,False,False
1625.0,1,1.22,6.0,1479,0.44,1538,0.4,3.0,0.09,1,0,0.0,0.3,13.0,0.29,-255.0,0.0,30.0,0.8425584255842559,1370.0,-59,1,1.26,35.0,31.605510637421183,Clay,Mala,victorias,Mala,victorias,player2,True,False,False
695.0,1,1.37,19.0,1636,0.51,1615,0.55,46.0,0.2,1,0,0.0,0.22,10.0,0.39,286.0,0.0,55.0,1.4094827586206897,981.0,21,1,1.34,50.0,55.293127957927055,Clay,Regular,victorias,Regular,victorias,player1,True,False,False
695.0,1,1.37,19.0,1636,0.51,1615,0.55,46.0,0.2,1,0,0.0,0.22,10.0,0.39,286.0,0.0,55.0,1.4094827586206897,981.0,21,1,1.34,50.0,55.293127957927055,Clay,Regular,victorias,Regular,victorias,player1,True,False,False
862.0,1,1.11,1.0,1446,0.32,1488,0.53,29.0,0.0,1,0,0.45,0.31,15.0,0.22,1255.0,0.29,20.0,2.4530706836616454,2117.0,-42,4,1.11,25.0,42.3,Clay,Mala,victorias,Mala,victorias,player2,True,False,False
862.0,1,1.11,1.0,1446,0.32,1488,0.53,29.0,0.0,1,0,0.45,0.31,15.0,0.22,1255.0,0.29,20.0,2.4530706836616454,2117.0,-42,4,1.11,25.0,42.3,Clay,Mala,victorias,Mala,victorias,player2,True,False,False
960.4708960696677,-1,1.36,173.0,1623,0.59,1500,0.0,31.69986915584216,0.21,0,0,0.0,0.0,12.919329967226249,0.34,-619.6395735802707,0.0,55.0,0.3930968494590207,303.0,123,0,0.0,35.40335016386877,56.14021298836758,Clay,Regular,derrotas,,,player1,True,False,False
960.4708960696677,-1,1.36,173.0,1623,0.59,1500,0.0,31.69986915584216,0.21,0,0,0.0,0.0,12.919329967226249,0.34,-619.6395735802707,0.0,55.0,0.3930968494590207,303.0,123,0,0.0,35.40335016386877,56.14021298836758,Clay,Regular,derrotas,,,player1,True,False,False
831.0,-6,0.99,1.0,1429,0.32,1582,0.53,32.0,0.0,-2,0,0.0,0.4,10.0,0.15,1356.0,0.0,16.7,2.628605769230769,2187.0,-153,0,1.34,50.0,50.0,Clay,Mala,derrotas,Regular,derrotas,player1,True,False,False
831.0,-6,0.99,1.0,1429,0.32,1582,0.53,32.0,0.0,-2,0,0.0,0.4,10.0,0.15,1356.0,0.0,16.7,2.628605769230769,2187.0,-153,0,1.34,50.0,50.0,Clay,Mala,derrotas,Regular,derrotas,player1,True,False,False
923.0,-1,1.37,25.0,1571,0.52,1599,0.52,23.0,0.0,-1,2,0.0,0.37,10.0,0.32,-20.0,0.0,60.0,0.9772727272727273,903.0,-28,0,1.32,50.0,50.0,Clay,Buena,derrotas,Regular,derrotas,player2,True,False,False
923.0,-1,1.37,25.0,1571,0.52,1599,0.52,23.0,0.0,-1,2,0.0,0.37,10.0,0.32,-20.0,0.0,60.0,0.9772727272727273,903.0,-28,0,1.32,50.0,50.0,Clay,Buena,derrotas,Regular,derrotas,player2,True,False,False
1416.451648062849,-1,1.1,5.0,1455,0.43,1462,0.0,7.90796840808028,0.09,-3,0,0.0,0.0,3.0,0.25,69.92287332837532,0.0,25.0,1.1492349828490127,1436.0,-7,0,0.0,0.0,37.66408687940349,Clay,Mala,derrotas,Mala,derrotas,player1,True,False,False
1416.451648062849,-1,1.1,5.0,1455,0.43,1462,0.0,7.90796840808028,0.09,-3,0,0.0,0.0,3.0,0.25,69.92287332837532,0.0,25.0,1.1492349828490127,1436.0,-7,0,0.0,0.0,37.66408687940349,Clay,Mala,derrotas,Mala,derrotas,player1,True,False,False
939.0,-2,1.22,30.0,1480,0.53,1501,0.52,22.0,0.12,-5,1,0.0,0.32,14.0,0.23,-89.0,0.0,35.0,0.9042553191489362,850.0,-21,1,1.14,30.0,25.0,Clay,Mala,derrotas,Mala,derrotas,player1,True,False,False
939.0,-2,1.22,30.0,1480,0.53,1501,0.52,22.0,0.12,-5,1,0.0,0.32,14.0,0.23,-89.0,0.0,35.0,0.9042553191489362,850.0,-21,1,1.14,30.0,25.0,Clay,Mala,derrotas,Mala,derrotas,player1,True,False,False
1822.0,-2,1.11,2.0,1461,0.38,1463,0.38,2.0,0.0,-1,1,0.0,0.12,11.0,0.0,-57.0,0.0,22.2,0.968184311574328,1765.0,-2,0,1.12,26.7,0.0,Clay,Mala,derrotas,Mala,derrotas,player2,True,False,False
1822.0,-2,1.11,2.0,1461,0.38,1463,0.38,2.0,0.0,-1,1,0.0,0.12,11.0,0.0,-57.0,0.0,22.2,0.968184311574328,1765.0,-2,0,1.12,26.7,0.0,Clay,Mala,derrotas,Mala,derrotas,player2,True,False,False
445.0,-1,1.01,2.0,1396,0.38,1673,0.57,103.0,0.21,-1,0,0.0,0.41,7.0,0.38,1377.0,0.0,20.0,4.085201793721973,1822.0,-277,0,1.43,65.0,57.9,Clay,Mala,derrotas,Buena,derrotas,player2,True,False,False
445.0,-1,1.01,2.0,1396,0.38,1673,0.57,103.0,0.21,-1,0,0.0,0.41,7.0,0.38,1377.0,0.0,20.0,4.085201793721973,1822.0,-277,0,1.43,65.0,57.9,Clay,Mala,derrotas,Buena,derrotas,player2,True,False,False
1646.0,-3,1.11,5.0,1467,0.43,1400,0.4,3.0,0.15,-5,0,0.0,0.15,16.0,0.21,-201.0,0.0,25.0,0.8773527625986642,1445.0,67,1,1.05,20.0,33.3,Clay,Mala,derrotas,Mala,derrotas,player1,True,False,False
1646.0,-3,1.11,5.0,1467,0.43,1400,0.4,3.0,0.15,-5,0,0.0,0.15,16.0,0.21,-201.0,0.0,25.0,0.8773527625986642,1445.0,67,1,1.05,20.0,33.3,Clay,Mala,derrotas,Mala,derrotas,player1,True,False,False
1685.0,1,1.26,7.0,1479,0.75,1551,0.67,3.0,0.16,1,0,0.0,0.29,14.0,0.24,-370.0,0.0,35.0,0.7799525504151839,1315.0,-72,1,1.22,30.0,40.0,Hard,Mala,victorias,Mala,victorias,player2,False,False,True
1685.0,1,1.26,7.0,1479,0.75,1551,0.67,3.0,0.16,1,0,0.0,0.29,14.0,0.24,-370.0,0.0,35.0,0.7799525504151839,1315.0,-72,1,1.22,30.0,40.0,Hard,Mala,victorias,Mala,victorias,player2,False,False,True
1601.0,1,1.3,10.0,1514,0.8,1509,0.67,3.0,0.09,1,0,0.0,0.36,12.0,0.25,-404.0,0.0,40.0,0.7471910112359551,1197.0,5,2,1.21,33.3,0.0,Hard,Regular,victorias,Mala,victorias,player1,False,False,True
1601.0,1,1.3,10.0,1514,0.8,1509,0.67,3.0,0.09,1,0,0.0,0.36,12.0,0.25,-404.0,0.0,40.0,0.7471910112359551,1197.0,5,2,1.21,33.3,0.0,Hard,Regular,victorias,Mala,victorias,player1,False,False,True
643.0,1,1.23,27.0,1565,0.87,1711,0.92,54.0,0.09,1,0,0.11,0.4,6.0,0.35,237.0,0.0,40.0,1.3664596273291925,880.0,-146,4,1.46,70.0,60.0,Hard,Regular,victorias,Buena,victorias,player2,False,False,True
643.0,1,1.23,27.0,1565,0.87,1711,0.92,54.0,0.09,1,0,0.11,0.4,6.0,0.35,237.0,0.0,40.0,1.3664596273291925,880.0,-146,4,1.46,70.0,60.0,Hard,Regular,victorias,Buena,victorias,player2,False,False,True
667.0,6,1.53,54.0,1733,0.92,1629,0.92,51.0,0.21,1,2,0.11,0.4,9.0,0.42,-25.0,0.19,70.0,0.9610778443113772,642.0,104,5,1.28,55.0,53.3,Hard,Buena,victorias,Regular,victorias,player1,False,False,True
667.0,6,1.53,54.0,1733,0.92,1629,0.92,51.0,0.21,1,2,0.11,0.4,9.0,0.42,-25.0,0.19,70.0,0.9610778443113772,642.0,104,5,1.28,55.0,53.3,Hard,Buena,victorias,Regular,victorias,player1,False,False,True
597.0,1,1.33,12.0,1527,0.82,1560,0.93,63.0,0.09,1,0,0.0,0.34,11.0,0.27,527.0,0.0,45.0,1.879598662207358,1124.0,-33,0,1.33,45.0,47.00697202739843,Hard,Regular,victorias,Regular,victorias,player2,False,False,True
597.0,1,1.33,12.0,1527,0.82,1560,0.93,63.0,0.09,1,0,0.0,0.34,11.0,0.27,527.0,0.0,45.0,1.879598662207358,1124.0,-33,0,1.33,45.0,47.00697202739843,Hard,Regular,victorias,Regular,victorias,player2,False,False,True
1153.0,1,1.43,68.0,1646,0.93,1482,0.81,11.0,0.12,1,0,0.0,0.29,15.0,0.38,-579.0,0.0,65.0,0.49740034662045063,574.0,164,1,1.16,25.0,40.0,Hard,Buena,victorias,Mala,victorias,player1,False,False,True
1153.0,1,1.43,68.0,1646,0.93,1482,0.81,11.0,0.12,1,0,0.0,0.29,15.0,0.38,-579.0,0.0,65.0,0.49740034662045063,574.0,164,1,1.16,25.0,40.0,Hard,Buena,victorias,Mala,victorias,player1,False,False,True
1808.0,1,1.38,13.0,1573,0.49,1434,0.38,2.0,0.0,1,0,0.0,0.2,15.0,0.35,-724.0,0.0,50.0,0.5992260917634052,1084.0,139,0,1.14,21.1,0.0,Clay,Regular,victorias,Mala,victorias,player2,True,False,False
1808.0,1,1.38,13.0,1573,0.49,1434,0.38,2.0,0.0,1,0,0.0,0.2,15.0,0.35,-724.0,0.0,50.0,0.5992260917634052,1084.0,139,0,1.14,21.1,0.0,Clay,Regular,victorias,Mala,victorias,player2,True,False,False
89.0,0,0.0,1856.0,1500,0.52,1500,0.51,840.0,0.0,0,1,0.0,0.0,4.0,0.0,-68.0,0.0,60.0,0.23333333333333334,21.0,0,0,0.0,80.0,60.0,Clay,,,,,player2,True,False,False
89.0,0,0.0,1856.0,1500,0.52,1500,0.51,840.0,0.0,0,1,0.0,0.0,4.0,0.0,-68.0,0.0,60.0,0.23333333333333334,21.0,0,0,0.0,80.0,60.0,Clay,,,,,player2,True,False,False
89.0,0,0.0,1856.0,1500,0.52,1500,0.51,840.0,0.0,0,1,0.0,0.0,4.0,0.0,-68.0,0.0,60.0,0.23333333333333334,21.0,0,0,0.0,80.0,60.0,Clay,,,,,player2,True,False,False
89.0,0,0.0,1856.0,1500,0.52,1500,0.51,840.0,0.0,0,1,0.0,0.0,4.0,0.0,-68.0,0.0,60.0,0.23333333333333334,21.0,0,0,0.0,80.0,60.0,Clay,,,,,player2,True,False,False
89.0,0,0.0,1856.0,1500,0.52,1500,0.51,840.0,0.0,0,1,0.0,0.0,4.0,0.0,-68.0,0.0,60.0,0.23333333333333334,21.0,0,0,0.0,80.0,60.0,Clay,,,,,player2,True,False,False
89.0,0,0.0,1856.0,1500,0.52,1500,0.51,840.0,0.0,0,1,0.0,0.0,4.0,0.0,-68.0,0.0,60.0,0.23333333333333334,21.0,0,0,0.0,80.0,60.0,Clay,,,,,player2,True,False,False
454.0,1,1.4,172.0,1673,0.64,1711,0.62,101.0,0.19,1,0,0.16,0.52,7.0,0.53,-150.0,0.0,65.0,0.6681318681318681,304.0,-38,1,1.36,65.0,50.13451174250337,Clay,Buena,victorias,Buena,victorias,player2,True,False,False
437.0,6,1.54,193.0,1837,0.64,1730,0.62,107.0,0.12,1,0,0.24,0.52,6.0,0.59,-168.0,0.24,85.0,0.6141552511415526,269.0,107,4,1.37,70.0,46.78225595929424,Clay,Excelente,victorias,Buena,victorias,player1,True,False,False
395.0,1,1.32,188.0,1671,0.7,1605,0.69,123.0,0.24,1,0,0.08,0.51,11.0,0.6,-113.0,0.42,65.0,0.7121212121212122,282.0,66,4,1.28,45.0,48.29116317312306,Clay,Buena,victorias,Regular,victorias,player1,True,False,False
472.0,1,1.35,109.0,1660,0.68,1730,0.62,97.0,0.22,1,2,0.3,0.52,5.0,0.48,-41.0,0.0,60.0,0.9112050739957717,431.0,-70,2,1.41,75.0,60.131666374127526,Clay,Buena,victorias,Excelente,victorias,player1,True,False,False
356.0,1,1.41,209.0,1753,0.64,1585,0.63,140.0,0.14,1,1,0.46,0.47,10.0,0.58,-98.0,0.23,70.0,0.7226890756302521,258.0,168,7,1.24,50.0,48.480361521232666,Clay,Buena,victorias,Regular,victorias,player1,True,False,False
2051.0,6,1.57,288.0,1773,0.71,1679,0.35,1.0,0.25,1,0,0.0,0.53,7.0,0.57,-1854.0,0.22,80.0,0.09600389863547758,197.0,94,2,1.37,65.0,40.931202094043144,Clay,Excelente,victorias,Buena,victorias,player2,True,False,False
241.74440814222476,1,1.31,176.0,1620,0.64,1583,0.0,292.15449044877965,0.18,1,0,0.24,0.46,12.0,0.56,56.823802060737655,0.0,50.0,1.3606259246799561,301.0,37,2,1.26,40.0,37.780774107077804,Clay,Regular,victorias,Regular,victorias,player2,True,False,False
474.0,1,1.38,199.0,1715,0.7,1647,0.62,96.0,0.2,1,0,0.0,0.52,9.0,0.55,-210.0,0.22,65.0,0.5557894736842105,264.0,68,3,1.3,55.0,47.37352037392676,Clay,Buena,victorias,Regular,victorias,player1,True,False,False
469.0,1,1.34,119.0,1745,0.62,1677,0.62,98.0,0.09,1,1,0.08,0.53,9.0,0.54,-65.0,0.3,70.0,0.8595744680851064,404.0,68,5,1.32,55.0,37.71326740736514,Clay,Buena,victorias,Regular,victorias,player1,True,False,False
500.0,1,1.33,141.0,1646,0.63,1680,0.61,87.0,0.14,1,0,0.0,0.51,8.0,0.51,-147.0,0.08,60.0,0.7045908183632734,353.0,-34,5,1.33,60.0,53.89215019973203,Clay,Buena,victorias,Buena,victorias,player1,True,False,False
444.0,1,1.4,116.0,1747,0.62,1754,0.62,104.0,0.19,1,2,0.0,0.54,7.0,0.55,-34.0,0.22,75.0,0.9213483146067416,410.0,-7,2,1.42,65.0,52.849897540060084,Clay,Excelente,victorias,Buena,victorias,player1,True,False,False
58.0,2,1.83,318.0,1832,1.0,1731,1.04,895.0,0.12,-3,0,-0.0,0.47,12.0,0.0,122.0,-0.0,85.0,3.0508474576271185,180.0,101,1,1.42,40.0,33.300000000000004,Grass,Excelente,victorias,Regular,derrotas,player1,False,True,False
51.0,-1,1.3,970.0,1736,1.16,1717,1.04,948.0,0.27,-4,3,0.19,0.0,11.0,0.0,-4.0,0.17,40.0,0.9038461538461539,47.0,19,14,1.29,45.0,41.02147843094158,Grass,Regular,derrotas,Regular,derrotas,player1,False,True,False
453.0,2,1.61,629.0,1748,1.03,1766,0.95,101.0,0.27,5,0,0.0,0.6,5.0,0.0,-356.0,0.0,55.0,0.21365638766519823,97.0,-18,3,1.87,75.0,79.30812368260958,Grass,Regular,victorias,Excelente,victorias,player1,False,True,False
41.0,-2,1.42,994.0,1772,1.04,1711,1.05,1130.0,0.27,-4,3,0.08,0.52,12.0,0.57,4.0,0.12,50.0,1.0714285714285714,45.0,61,11,1.3,40.0,70.3035270194508,Grass,Regular,derrotas,Regular,derrotas,player1,False,True,False
184.0,-1,1.38,1370.0,1798,1.05,1668,1.0,315.0,0.27,2,0,0.0,0.48,9.0,0.0,-152.0,0.03,40.0,0.17297297297297298,32.0,130,4,1.61,55.0,57.791037440526786,Grass,Regular,derrotas,Regular,victorias,player1,False,True,False
62.0,-4,1.29,2449.0,1722,1.07,1739,1.04,1012.0,0.27,-2,2,0.02,0.0,9.0,0.0,-46.0,0.03,30.0,0.25396825396825395,16.0,-17,4,1.53,55.0,40.965603949987134,Grass,Mala,derrotas,Regular,derrotas,player2,False,True,False
75.0,-1,1.45,1051.0,1796,1.15,1779,1.04,933.0,0.27,-1,2,0.08,0.0,10.0,0.55,-17.0,0.07,50.0,0.7631578947368421,58.0,17,10,1.41,50.0,44.43904314844455,Grass,Regular,derrotas,Regular,derrotas,player1,False,True,False
19.0,-1,1.43,479.0,1746,1.02,1874,1.06,1918.0,0.27,-1,0,0.08,0.67,9.0,0.41,136.0,0.06,50.0,7.75,155.0,-128,10,1.46,55.0,66.41441662687346,Grass,Regular,derrotas,Regular,derrotas,player2,False,True,False
479.0,-1,1.56,1009.0,1783,1.15,1668,0.96,115.0,0.27,2,0,0.0,0.58,9.0,0.44,-416.0,0.03,65.0,0.13125,63.0,115,4,1.58,55.0,52.6054970799783,Grass,Buena,derrotas,Regular,victorias,player2,False,True,False
140.0,-1,1.66,888.0,1818,1.04,1756,1.02,545.0,0.27,-4,1,0.02,0.59,12.0,0.0,-56.0,0.02,70.0,0.5957446808510638,84.0,62,5,1.38,40.0,65.43480667362809,Grass,Buena,derrotas,Regular,derrotas,player1,False,True,False
23.0,-1,1.68,253.0,1806,0.99,1714,1.06,1800.0,0.27,-5,0,0.0,0.65,12.0,0.48,250.0,0.0,70.0,11.375,273.0,92,3,1.4,40.0,65.68244524421922,Grass,Buena,derrotas,Regular,derrotas,player1,False,True,False
274.0,1,1.51,265.0,1632,1.0,1692,0.98,192.0,0.27,1,1,0.0,0.43,8.0,0.53,-58.0,0.0,45.0,0.7854545454545454,216.0,-60,3,1.64,60.0,54.947111566690765,Grass,Regular,victorias,Buena,victorias,player2,False,True,False
326.0,1,1.6,386.0,1675,1.01,1701,0.97,157.0,0.27,1,0,-0.0,0.0,8.0,0.45,-172.0,-0.0,55.0,0.4709480122324159,154.0,-26,1,1.62,60.0,60.07037053940731,Grass,Regular,victorias,Buena,victorias,player2,False,True,False
242.0,1,1.57,259.0,1672,1.0,1689,0.99,231.0,0.25,1,2,0.02,0.0,10.0,0.0,-20.0,0.02,60.0,0.9135802469135802,222.0,-17,5,1.52,50.0,59.16668935787988,Grass,Buena,victorias,Regular,victorias,player2,False,True,False
423.0,1,1.64,344.0,1715,1.01,1606,0.97,136.0,0.27,1,0,0.0,0.49,10.0,0.0,-210.0,0.0,65.0,0.5023584905660378,213.0,109,2,1.57,50.0,60.0752957322249,Grass,Buena,victorias,Regular,victorias,player1,False,True,False
461.0,1,1.55,98.0,1652,0.95,1535,0.96,121.0,0.24,1,1,0.02,0.38,13.0,0.45,80.0,0.03,55.0,1.170995670995671,541.0,117,3,1.43,35.0,63.513909600501194,Grass,Regular,victorias,Mala,victorias,player1,False,True,False
324.0,1,1.55,334.0,1719,1.01,1714,0.98,197.0,0.27,1,0,0.02,0.0,6.0,0.46,-107.0,0.02,60.0,0.6676923076923077,217.0,5,4,1.64,70.0,59.56046407706777,Grass,Buena,victorias,Buena,victorias,player1,False,True,False
261.0,1,1.6,373.0,1717,1.01,1705,1.0,266.0,0.27,1,1,0.0,0.47,7.0,0.0,-67.0,0.0,55.0,0.7404580152671756,194.0,12,3,1.64,65.0,63.87034159090369,Grass,Regular,victorias,Buena,victorias,player2,False,True,False
308.0,1,1.5,365.0,1674,1.01,1666,0.94,218.0,0.27,1,0,0.02,0.0,10.0,0.0,-107.0,0.03,50.0,0.6504854368932039,201.0,8,5,1.54,50.0,67.343080456156,Grass,Regular,victorias,Regular,victorias,player1,False,True,False
287.0,-1,1.34,252.0,1654,0.65,1589,0.64,185.0,0.27,-4,1,0.0,0.3,11.0,0.52,-60.0,0.29,60.0,0.7881944444444444,227.0,65,2,1.22,45.0,50.91419043978327,Clay,Buena,derrotas,Regular,derrotas,player1,True,False,False
332.0,-1,1.34,322.0,1677,0.65,1589,0.63,151.0,0.25,-1,0,0.29,0.5,11.0,0.52,-153.0,0.22,60.0,0.5375375375375375,179.0,88,4,1.18,45.0,59.37800189939183,Clay,Buena,derrotas,Regular,derrotas,player1,True,False,False
136.0,-1,1.38,79.0,1800,0.61,1670,0.66,450.0,0.27,-1,0,0.0,0.53,10.0,0.6,385.0,0.19,65.0,3.802919708029197,521.0,130,3,1.26,50.0,25.072043335266592,Clay,Buena,derrotas,Regular,derrotas,player1,True,False,False
103.0,-1,1.23,128.0,1582,0.63,1670,0.67,600.0,0.25,-1,0,0.29,0.54,10.0,0.52,275.0,0.0,45.0,3.6346153846153846,378.0,-88,3,1.26,50.0,17.985273811309614,Clay,Regular,derrotas,Regular,derrotas,player2,True,False,False
209.0,-2,1.4,256.0,1724,0.65,1669,0.65,272.0,0.27,-1,2,0.22,0.56,8.0,0.62,16.0,0.0,65.0,1.0714285714285714,225.0,55,1,1.33,60.0,71.64094563752758,Clay,Buena,derrotas,Buena,derrotas,player2,True,False,False
280.0,-2,1.16,276.0,1599,0.65,1706,0.64,189.0,0.22,-1,1,0.08,0.49,6.0,0.53,-74.0,0.24,45.0,0.7330960854092526,206.0,-107,6,1.36,70.0,51.86587727743613,Clay,Regular,derrotas,Buena,derrotas,player2,True,False,False
95.0,-6,1.19,259.0,1601,0.65,1720,0.67,633.0,0.26,-1,0,0.34,0.52,10.0,0.0,126.0,0.0,40.0,2.3020833333333335,221.0,-119,4,1.25,50.0,62.83130530906252,Clay,Regular,derrotas,Regular,derrotas,player2,True,False,False
245.0,-2,1.32,188.0,1635,0.64,1642,0.71,225.0,0.18,-1,2,0.0,0.51,8.0,0.53,36.0,0.24,60.0,1.1422764227642277,281.0,-7,2,1.32,60.0,54.68885138821777,Clay,Buena,derrotas,Buena,derrotas,player2,True,False,False
354.0,-1,1.37,274.0,1698,0.71,1584,0.63,141.0,0.21,-2,0,0.0,0.42,11.0,0.44,-147.0,0.0,65.0,0.5830985915492958,207.0,114,1,1.23,45.0,51.569675181186945,Clay,Buena,derrotas,Regular,derrotas,player1,True,False,False
106.0,-1,1.49,251.0,1812,0.65,1703,0.67,585.0,0.21,-2,0,0.0,0.58,8.0,0.56,123.0,0.08,85.0,2.1401869158878504,229.0,109,2,1.3,60.0,56.85651408524363,Clay,Excelente,derrotas,Buena,derrotas,player1,True,False,False
33.0,-2,1.61,467.0,1721,1.02,1719,1.06,1405.0,0.27,-3,0,0.0,0.69,14.0,0.0,128.0,0.0,60.0,4.735294117647059,161.0,2,3,1.33,30.0,66.92190123851158,Grass,Buena,derrotas,Mala,derrotas,player1,False,True,False
268.0,-2,1.44,660.0,1882,1.03,1816,0.98,196.0,0.27,-2,0,0.14,0.0,9.0,0.62,-147.0,0.13,50.0,0.44981412639405205,121.0,66,11,1.41,55.0,51.940501455996554,Grass,Regular,derrotas,Regular,derrotas,player2,False,True,False
158.12938951634925,-1,1.42,731.0,1838,0.67,1740,0.0,656.3707341097518,0.27,1,0,0.19,0.65,6.0,0.56,-127.83871999472672,0.24,70.0,0.44073139125147637,104.0,98,3,1.35,70.0,32.0270129348025,Clay,Buena,derrotas,Buena,victorias,player1,True,False,False
262.0,-1,1.18,131.0,1591,0.63,1779,0.61,266.0,0.27,5,0,0.31,0.64,6.0,0.54,174.0,0.0,40.0,1.6577946768060836,436.0,-188,3,1.49,70.0,71.38188931218839,Clay,Regular,derrotas,Buena,victorias,player1,True,False,False
131.0,-2,1.32,533.0,1681,0.66,1758,0.67,571.0,0.27,-1,2,0.0,0.56,6.0,0.56,11.0,0.2,60.0,1.0757575757575757,142.0,-77,1,1.37,70.0,52.85890555090712,Clay,Buena,derrotas,Buena,derrotas,player1,True,False,False
127.0,-1,1.78,250.0,1843,0.99,1682,1.03,617.0,0.09,-2,0,0.0,0.0,11.0,0.0,149.0,0.0,85.0,2.15625,276.0,161,2,1.46,45.0,46.40720418407468,Grass,Excelente,derrotas,Regular,derrotas,player1,False,True,False
283.9223036311166,-1,1.52,961.0,1750,1.15,1493,0.0,496.96808714587195,0.27,-1,0,-0.0,0.0,3.0,0.0,-247.22033212582343,-0.0,50.0,0.3626115258749116,68.0,257,0,1.45,40.0,45.353960358639405,Grass,Regular,derrotas,Regular,derrotas,player1,False,True,False
172.0,-2,1.56,532.0,1791,1.02,1746,1.02,431.0,0.27,-1,2,0.03,0.0,7.0,0.0,-29.0,0.02,65.0,0.8265895953757225,143.0,45,4,1.56,65.0,49.250222380938204,Grass,Buena,derrotas,Buena,derrotas,player2,False,True,False
92.0,-4,1.33,463.0,1665,1.02,1808,1.04,820.0,0.27,-1,1,0.15,0.0,7.0,0.39,71.0,0.07,45.0,1.7526881720430108,163.0,-143,11,1.48,65.0,35.31746677339554,Grass,Regular,derrotas,Buena,derrotas,player2,False,True,False
177.0,-1,1.65,428.0,1793,1.01,1769,1.01,413.0,0.27,-1,3,-0.0,0.0,6.0,0.47,-4.0,-0.0,65.0,0.9719101123595506,173.0,24,1,1.58,70.0,65.87463911385885,Grass,Buena,derrotas,Buena,derrotas,player2,False,True,False
120.0,-1,1.56,404.0,1651,1.01,1685,1.02,522.0,0.26,-2,2,0.01,0.0,10.0,0.0,29.0,0.02,65.0,1.2314049586776858,149.0,-34,4,1.48,50.0,72.08525321948208,Grass,Buena,derrotas,Regular,derrotas,player1,False,True,False
334.0,-2,1.41,344.0,1568,1.01,1743,0.97,150.0,0.27,-2,0,0.0,0.55,9.0,0.0,-165.0,0.0,35.0,0.5044776119402985,169.0,-175,3,1.55,55.0,58.505669393067095,Grass,Mala,derrotas,Regular,derrotas,player2,False,True,False
131.0,-1,1.58,250.0,1688,0.99,1626,1.02,465.0,0.19,-3,1,-0.0,0.51,11.0,0.0,100.0,-0.0,60.0,1.75,231.0,62,0,1.49,45.0,72.20611725665044,Grass,Buena,derrotas,Regular,derrotas,player2,False,True,False
148.0,-1,1.63,411.0,1741,1.01,1811,1.01,404.0,0.27,-1,3,-0.0,0.0,5.0,0.0,-5.0,-0.0,70.0,0.959731543624161,143.0,-70,0,1.66,75.0,67.95594935087337,Grass,Buena,derrotas,Excelente,derrotas,player2,False,True,False
775.0,1,1.32,1.0,1552,0.35,1550,0.58,38.0,0.0,1,0,0.0,0.44,11.0,0.42,1342.0,0.0,45.5,2.7280927835051547,2117.0,2,1,1.27,45.0,45.123336892097576,Clay,Regular,victorias,Regular,victorias,player2,True,False,False
371.0,-1,1.3,67.0,1644,0.6,1672,0.63,131.0,0.23,-1,0,0.34,0.53,9.0,0.52,208.0,0.29,60.0,1.5564516129032258,579.0,-28,4,1.27,55.0,53.96762029415685,Clay,Buena,derrotas,Regular,derrotas,player2,True,False,False
620.0,-1,1.19,125.0,1695,0.63,1577,0.6,58.0,0.23,-4,0,0.34,0.48,10.0,0.56,-233.0,0.59,55.0,0.6231884057971014,387.0,118,12,1.13,50.0,28.816890493998127,Clay,Regular,derrotas,Regular,derrotas,player1,True,False,False
2215.0,-2,1.23,10.0,1464,0.48,1503,0.32,1.0,0.0,-1,0,0.0,0.33,9.0,0.2,-1031.0,0.0,40.0,0.5342960288808665,1184.0,-39,0,1.2,30.8,30.52678169703232,Clay,Regular,derrotas,Mala,derrotas,player2,True,False,False
1081.0,-2,1.06,8.0,1467,0.46,1418,0.5,14.0,0.21,-3,0,0.53,0.38,16.0,0.38,181.0,0.48,30.0,1.1663585951940851,1262.0,49,11,0.92,20.0,40.997102525759125,Clay,Mala,derrotas,Mala,derrotas,player2,True,False,False
395.0,1,1.32,188.0,1671,0.7,1605,0.69,123.0,0.24,1,0,0.08,0.51,11.0,0.6,-113.0,0.42,65.0,0.7121212121212122,282.0,66,4,1.28,45.0,48.29116317312306,Clay,Buena,victorias,Regular,victorias,player1,True,False,False
472.0,1,1.35,109.0,1660,0.68,1730,0.62,97.0,0.22,1,2,0.3,0.52,5.0,0.48,-41.0,0.0,60.0,0.9112050739957717,431.0,-70,2,1.41,75.0,60.131658922096754,Clay,Buena,victorias,Excelente,victorias,player1,True,False,False
356.0,1,1.41,209.0,1753,0.64,1585,0.63,140.0,0.14,1,1,0.46,0.47,10.0,0.58,-98.0,0.23,70.0,0.7226890756302521,258.0,168,7,1.24,50.0,48.48039947323834,Clay,Buena,victorias,Regular,victorias,player1,True,False,False
2051.0,6,1.57,288.0,1773,0.71,1679,0.35,1.0,0.25,1,0,0.0,0.53,7.0,0.57,-1854.0,0.22,80.0,0.09600389863547758,197.0,94,2,1.37,65.0,40.931202094043144,Clay,Excelente,victorias,Buena,victorias,player2,True,False,False
241.74440814222476,1,1.31,176.0,1620,0.64,1583,0.0,292.15449044877965,0.18,1,0,0.24,0.46,12.0,0.56,56.823802060737655,0.0,50.0,1.3606259246799561,301.0,37,2,1.26,40.0,37.780774107077804,Clay,Regular,victorias,Regular,victorias,player2,True,False,False
474.0,1,1.38,199.0,1715,0.7,1647,0.62,96.0,0.2,1,0,0.0,0.52,9.0,0.55,-210.0,0.22,65.0,0.5557894736842105,264.0,68,3,1.3,55.0,47.37352037392676,Clay,Buena,victorias,Regular,victorias,player1,True,False,False
469.0,1,1.34,119.0,1745,0.62,1677,0.62,98.0,0.09,1,1,0.08,0.53,9.0,0.54,-65.0,0.3,70.0,0.8595744680851064,404.0,68,5,1.32,55.0,37.713385982268754,Clay,Buena,victorias,Regular,victorias,player1,True,False,False
500.0,1,1.33,141.0,1646,0.63,1680,0.61,87.0,0.14,1,0,0.0,0.51,8.0,0.51,-147.0,0.08,60.0,0.7045908183632734,353.0,-34,5,1.33,60.0,53.89215019973203,Clay,Buena,victorias,Buena,victorias,player1,True,False,False
444.0,1,1.4,116.0,1747,0.62,1754,0.62,104.0,0.19,1,2,0.0,0.54,7.0,0.55,-34.0,0.22,75.0,0.9213483146067416,410.0,-7,2,1.42,65.0,52.849897540060084,Clay,Excelente,victorias,Buena,victorias,player1,True,False,False
58.0,2,1.83,318.0,1832,1.0,1731,1.04,895.0,0.12,-3,0,-0.0,0.47,12.0,0.0,122.0,-0.0,85.0,3.0508474576271185,180.0,101,1,1.42,40.0,33.300000000000004,Grass,Excelente,victorias,Regular,derrotas,player1,False,True,False
51.0,-1,1.3,970.0,1736,1.16,1717,1.04,948.0,0.27,-4,3,0.19,0.0,11.0,0.0,-4.0,0.17,40.0,0.9038461538461539,47.0,19,14,1.29,45.0,41.02148027397447,Grass,Regular,derrotas,Regular,derrotas,player1,False,True,False
453.0,2,1.61,629.0,1748,1.03,1766,0.95,101.0,0.27,5,0,0.0,0.6,5.0,0.0,-356.0,0.0,55.0,0.21365638766519823,97.0,-18,3,1.87,75.0,79.3081237115294,Grass,Regular,victorias,Excelente,victorias,player1,False,True,False
41.0,-2,1.42,994.0,1772,1.04,1711,1.05,1130.0,0.27,-4,3,0.08,0.52,12.0,0.57,4.0,0.12,50.0,1.0714285714285714,45.0,61,11,1.3,40.0,70.3035270194508,Grass,Regular,derrotas,Regular,derrotas,player1,False,True,False
184.0,-1,1.38,1370.0,1798,1.05,1668,1.0,315.0,0.27,2,0,0.0,0.48,9.0,0.0,-152.0,0.03,40.0,0.17297297297297298,32.0,130,4,1.61,55.0,57.791037440526786,Grass,Regular,derrotas,Regular,victorias,player1,False,True,False
62.0,-4,1.29,2449.0,1722,1.07,1739,1.04,1012.0,0.27,-2,2,0.02,0.0,9.0,0.0,-46.0,0.03,30.0,0.25396825396825395,16.0,-17,4,1.53,55.0,40.965603949987134,Grass,Mala,derrotas,Regular,derrotas,player2,False,True,False
75.0,-1,1.45,1051.0,1796,1.15,1779,1.04,933.0,0.27,-1,2,0.08,0.0,10.0,0.55,-17.0,0.07,50.0,0.7631578947368421,58.0,17,10,1.41,50.0,44.43904314844455,Grass,Regular,derrotas,Regular,derrotas,player1,False,True,False
19.0,-1,1.43,479.0,1746,1.02,1874,1.06,1918.0,0.27,-1,0,0.08,0.67,9.0,0.41,136.0,0.06,50.0,7.75,155.0,-128,10,1.46,55.0,66.41441662687346,Grass,Regular,derrotas,Regular,derrotas,player2,False,True,False
479.0,-1,1.56,1009.0,1783,1.15,1668,0.96,115.0,0.27,2,0,0.0,0.58,9.0,0.44,-416.0,0.03,65.0,0.13125,63.0,115,4,1.58,55.0,52.6054970799783,Grass,Buena,derrotas,Regular,victorias,player2,False,True,False
140.0,-1,1.66,888.0,1818,1.04,1756,1.02,545.0,0.27,-4,1,0.02,0.59,12.0,0.0,-56.0,0.02,70.0,0.5957446808510638,84.0,62,5,1.38,40.0,65.43480667362809,Grass,Buena,derrotas,Regular,derrotas,player1,False,True,False
23.0,-1,1.68,253.0,1806,0.99,1714,1.06,1800.0,0.27,-5,0,0.0,0.65,12.0,0.48,250.0,0.0,70.0,11.375,273.0,92,3,1.4,40.0,65.68244536956021,Grass,Buena,derrotas,Regular,derrotas,player1,False,True,False
454.0,1,1.4,172.0,1673,0.64,1711,0.62,101.0,0.19,1,0,0.16,0.52,7.0,0.53,-150.0,0.0,65.0,0.6681318681318681,304.0,-38,1,1.36,65.0,50.13451174250337,Clay,Buena,victorias,Buena,victorias,player2,True,False,False
437.0,6,1.54,193.0,1837,0.64,1730,0.62,107.0,0.12,1,0,0.24,0.52,6.0,0.59,-168.0,0.24,85.0,0.6141552511415526,269.0,107,4,1.37,70.0,46.78225595929424,Clay,Excelente,victorias,Buena,victorias,player1,True,False,False
274.0,1,1.51,265.0,1632,1.0,1692,0.98,192.0,0.27,1,1,0.0,0.43,8.0,0.53,-58.0,0.0,45.0,0.7854545454545454,216.0,-60,3,1.64,60.0,54.947111566690765,Grass,Regular,victorias,Buena,victorias,player2,False,True,False
326.0,1,1.6,386.0,1675,1.01,1701,0.97,157.0,0.27,1,0,-0.0,0.0,8.0,0.45,-172.0,-0.0,55.0,0.4709480122324159,154.0,-26,1,1.62,60.0,60.07037053940731,Grass,Regular,victorias,Buena,victorias,player2,False,True,False
242.0,1,1.57,259.0,1672,1.0,1689,0.99,231.0,0.25,1,2,0.02,0.0,10.0,0.0,-20.0,0.02,60.0,0.9135802469135802,222.0,-17,5,1.52,50.0,59.16668935787988,Grass,Buena,victorias,Regular,victorias,player2,False,True,False
423.0,1,1.64,344.0,1715,1.01,1606,0.97,136.0,0.27,1,0,0.0,0.49,10.0,0.0,-210.0,0.0,65.0,0.5023584905660378,213.0,109,2,1.57,50.0,60.0752957322249,Grass,Buena,victorias,Regular,victorias,player1,False,True,False
461.0,1,1.55,98.0,1652,0.95,1535,0.96,121.0,0.24,1,1,0.02,0.38,13.0,0.45,80.0,0.03,55.0,1.170995670995671,541.0,117,3,1.43,35.0,63.513909600501194,Grass,Regular,victorias,Mala,victorias,player1,False,True,False
324.0,1,1.55,334.0,1719,1.01,1714,0.98,197.0,0.27,1,0,0.02,0.0,6.0,0.46,-107.0,0.02,60.0,0.6676923076923077,217.0,5,4,1.64,70.0,59.56046407706777,Grass,Buena,victorias,Buena,victorias,player1,False,True,False
261.0,1,1.6,373.0,1717,1.01,1705,1.0,266.0,0.27,1,1,0.0,0.47,7.0,0.0,-67.0,0.0,55.0,0.7404580152671756,194.0,12,3,1.64,65.0,63.87034159090369,Grass,Regular,victorias,Buena,victorias,player2,False,True,False
308.0,1,1.5,365.0,1674,1.01,1666,0.94,218.0,0.27,1,0,0.02,0.0,10.0,0.0,-107.0,0.03,50.0,0.6504854368932039,201.0,8,5,1.54,50.0,67.343080456156,Grass,Regular,victorias,Regular,victorias,player1,False,True,False
287.0,-1,1.34,252.0,1654,0.65,1589,0.64,185.0,0.27,-4,1,0.0,0.3,11.0,0.52,-60.0,0.29,60.0,0.7881944444444444,227.0,65,2,1.22,45.0,50.91419043978327,Clay,Buena,derrotas,Regular,derrotas,player1,True,False,False
332.0,-1,1.34,322.0,1677,0.65,1589,0.63,151.0,0.25,-1,0,0.29,0.5,11.0,0.52,-153.0,0.22,60.0,0.5375375375375375,179.0,88,4,1.18,45.0,59.37800189939183,Clay,Buena,derrotas,Regular,derrotas,player1,True,False,False
136.0,-1,1.38,79.0,1800,0.61,1670,0.66,450.0,0.27,-1,0,0.0,0.53,10.0,0.6,385.0,0.19,65.0,3.802919708029197,521.0,130,3,1.26,50.0,25.072043335266592,Clay,Buena,derrotas,Regular,derrotas,player1,True,False,False
103.0,-1,1.23,128.0,1582,0.63,1670,0.67,600.0,0.25,-1,0,0.29,0.54,10.0,0.52,275.0,0.0,45.0,3.6346153846153846,378.0,-88,3,1.26,50.0,17.985273811309614,Clay,Regular,derrotas,Regular,derrotas,player2,True,False,False
209.0,-2,1.4,256.0,1724,0.65,1669,0.65,272.0,0.27,-1,2,0.22,0.56,8.0,0.62,16.0,0.0,65.0,1.0714285714285714,225.0,55,1,1.33,60.0,71.64072485762098,Clay,Buena,derrotas,Buena,derrotas,player2,True,False,False
280.0,-2,1.16,276.0,1599,0.65,1706,0.64,189.0,0.22,-1,1,0.08,0.49,6.0,0.53,-74.0,0.24,45.0,0.7330960854092526,206.0,-107,6,1.36,70.0,51.86587727743613,Clay,Regular,derrotas,Buena,derrotas,player2,True,False,False
95.0,-6,1.19,259.0,1601,0.65,1720,0.67,633.0,0.26,-1,0,0.34,0.52,10.0,0.0,126.0,0.0,40.0,2.3020833333333335,221.0,-119,4,1.25,50.0,62.83182995825231,Clay,Regular,derrotas,Regular,derrotas,player2,True,False,False
245.0,-2,1.32,188.0,1635,0.64,1642,0.71,225.0,0.18,-1,2,0.0,0.51,8.0,0.53,36.0,0.24,60.0,1.1422764227642277,281.0,-7,2,1.32,60.0,54.68884271752231,Clay,Buena,derrotas,Buena,derrotas,player2,True,False,False
354.0,-1,1.37,274.0,1698,0.71,1584,0.63,141.0,0.21,-2,0,0.0,0.42,11.0,0.44,-147.0,0.0,65.0,0.5830985915492958,207.0,114,1,1.23,45.0,51.569675181186945,Clay,Buena,derrotas,Regular,derrotas,player1,True,False,False
106.0,-1,1.49,251.0,1812,0.65,1703,0.67,585.0,0.21,-2,0,0.0,0.58,8.0,0.56,123.0,0.08,85.0,2.1401869158878504,229.0,109,2,1.3,60.0,56.85651408524363,Clay,Excelente,derrotas,Buena,derrotas,player1,True,False,False
33.0,-2,1.61,467.0,1721,1.02,1719,1.06,1405.0,0.27,-3,0,0.0,0.69,14.0,0.0,128.0,0.0,60.0,4.735294117647059,161.0,2,3,1.33,30.0,66.92190123851158,Grass,Buena,derrotas,Mala,derrotas,player1,False,True,False
268.0,-2,1.44,660.0,1882,1.03,1816,0.98,196.0,0.27,-2,0,0.14,0.0,9.0,0.62,-147.0,0.13,50.0,0.44981412639405205,121.0,66,11,1.41,55.0,51.940501455996554,Grass,Regular,derrotas,Regular,derrotas,player2,False,True,False
158.13081934169682,-1,1.42,731.0,1838,0.67,1740,0.0,656.3623635005414,0.27,1,0,0.19,0.65,6.0,0.56,-127.83873618038649,0.24,70.0,0.4407304738807508,104.0,98,3,1.35,70.0,32.02729360267967,Clay,Buena,derrotas,Buena,victorias,player1,True,False,False
262.0,-1,1.18,131.0,1591,0.63,1779,0.61,266.0,0.27,5,0,0.31,0.64,6.0,0.54,174.0,0.0,40.0,1.6577946768060836,436.0,-188,3,1.49,70.0,71.38188931218839,Clay,Regular,derrotas,Buena,victorias,player1,True,False,False
131.0,-2,1.32,533.0,1681,0.66,1758,0.67,571.0,0.27,-1,2,0.0,0.56,6.0,0.56,11.0,0.2,60.0,1.0757575757575757,142.0,-77,1,1.37,70.0,52.85890555090712,Clay,Buena,derrotas,Buena,derrotas,player1,True,False,False
127.0,-1,1.78,250.0,1843,0.99,1682,1.03,617.0,0.09,-2,0,0.0,0.0,11.0,0.0,149.0,0.0,85.0,2.15625,276.0,161,2,1.46,45.0,46.40720418407468,Grass,Excelente,derrotas,Regular,derrotas,player1,False,True,False
283.9223036311166,-1,1.52,961.0,1750,1.15,1493,0.0,496.96808714587195,0.27,-1,0,-0.0,0.0,3.0,0.0,-247.22033212582343,-0.0,50.0,0.3626115258749116,68.0,257,0,1.45,40.0,45.353960358639405,Grass,Regular,derrotas,Regular,derrotas,player1,False,True,False
172.0,-2,1.56,532.0,1791,1.02,1746,1.02,431.0,0.27,-1,2,0.03,0.0,7.0,0.0,-29.0,0.02,65.0,0.8265895953757225,143.0,45,4,1.56,65.0,49.250222380938204,Grass,Buena,derrotas,Buena,derrotas,player2,False,True,False
92.0,-4,1.33,463.0,1665,1.02,1808,1.04,820.0,0.27,-1,1,0.15,0.0,7.0,0.39,71.0,0.07,45.0,1.7526881720430108,163.0,-143,11,1.48,65.0,35.31746677339554,Grass,Regular,derrotas,Buena,derrotas,player2,False,True,False
177.0,-1,1.65,428.0,1793,1.01,1769,1.01,413.0,0.27,-1,3,-0.0,0.0,6.0,0.47,-4.0,-0.0,65.0,0.9719101123595506,173.0,24,1,1.58,70.0,65.87463911385885,Grass,Buena,derrotas,Buena,derrotas,player2,False,True,False
120.0,-1,1.56,404.0,1651,1.01,1685,1.02,522.0,0.26,-2,2,0.01,0.0,10.0,0.0,29.0,0.02,65.0,1.2314049586776858,149.0,-34,4,1.48,50.0,72.08525321948208,Grass,Buena,derrotas,Regular,derrotas,player1,False,True,False
334.0,-2,1.41,344.0,1568,1.01,1743,0.97,150.0,0.27,-2,0,0.0,0.55,9.0,0.0,-165.0,0.0,35.0,0.5044776119402985,169.0,-175,3,1.55,55.0,58.505669393067095,Grass,Mala,derrotas,Regular,derrotas,player2,False,True,False
131.0,-1,1.58,250.0,1688,0.99,1626,1.02,465.0,0.19,-3,1,-0.0,0.51,11.0,0.0,100.0,-0.0,60.0,1.75,231.0,62,0,1.49,45.0,72.20611725665044,Grass,Buena,derrotas,Regular,derrotas,player2,False,True,False
148.0,-1,1.63,411.0,1741,1.01,1811,1.01,404.0,0.27,-1,3,-0.0,0.0,5.0,0.0,-5.0,-0.0,70.0,0.959731543624161,143.0,-70,0,1.66,75.0,67.95594935087337,Grass,Buena,derrotas,Excelente,derrotas,player2,False,True,False
775.0,1,1.32,1.0,1552,0.35,1550,0.58,38.0,0.0,1,0,0.0,0.44,11.0,0.42,1342.0,0.0,45.5,2.7280927835051547,2117.0,2,1,1.27,45.0,45.123336892097576,Clay,Regular,victorias,Regular,victorias,player2,True,False,False
371.0,-1,1.3,67.0,1644,0.6,1672,0.63,131.0,0.23,-1,0,0.34,0.53,9.0,0.52,208.0,0.29,60.0,1.5564516129032258,579.0,-28,4,1.27,55.0,53.96762029415685,Clay,Buena,derrotas,Regular,derrotas,player2,True,False,False
620.0,-1,1.19,125.0,1695,0.63,1577,0.6,58.0,0.23,-4,0,0.34,0.48,10.0,0.56,-233.0,0.59,55.0,0.6231884057971014,387.0,118,12,1.13,50.0,28.816890493998127,Clay,Regular,derrotas,Regular,derrotas,player1,True,False,False
2215.0,-2,1.23,10.0,1464,0.48,1503,0.32,1.0,0.0,-1,0,0.0,0.33,9.0,0.2,-1031.0,0.0,40.0,0.5342960288808665,1184.0,-39,0,1.2,30.8,30.52678169703232,Clay,Regular,derrotas,Mala,derrotas,player2,True,False,False
1081.0,-2,1.06,8.0,1467,0.46,1418,0.5,14.0,0.21,-3,0,0.53,0.38,16.0,0.38,181.0,0.48,30.0,1.1663585951940851,1262.0,49,11,0.92,20.0,40.997102525759125,Clay,Mala,derrotas,Mala,derrotas,player2,True,False,False
775.0,1,1.3,1.0,1552,0.35,1550,0.58,38.0,0.0,1,0,0.0,0.44,11.0,0.42,1342.0,0.0,45.5,2.7280927835051547,2117.0,2,1,1.29,45.0,45.12364354449943,Clay,Regular,victorias,Regular,victorias,player2,True,False,False
285.0,7,1.54,193.0,1842,0.64,1710,0.7,187.0,0.12,-1,2,0.24,0.52,6.0,0.59,-16.0,0.24,85.0,0.9405594405594405,269.0,132,4,1.34,70.0,52.006194171710156,Clay,Excelente,victorias,Buena,derrotas,player1,True,False,False
831.0,-1,1.21,13.0,1555,0.49,1556,0.53,32.0,0.14,-3,0,0.51,0.44,10.0,0.31,267.0,0.0,45.0,1.3197115384615385,1098.0,-1,6,1.24,50.0,45.61126861699631,Clay,Regular,derrotas,Regular,derrotas,player2,True,False,False
775.0,1,1.32,1.0,1552,0.35,1550,0.58,38.0,0.0,1,0,0.0,0.44,11.0,0.42,1342.0,0.0,45.5,2.7280927835051547,2117.0,2,1,1.27,45.0,45.123336892097576,Clay,Regular,victorias,Regular,victorias,player2,True,False,False
113.0,-1,1.39,1328.0,1769,1.15,1657,1.03,697.0,0.27,2,1,0.09,0.52,11.0,0.44,-77.0,0.13,45.0,0.3157894736842105,36.0,112,12,1.44,45.0,45.43141360185627,Grass,Regular,derrotas,Regular,victorias,player2,False,True,False
120.0,-1,1.51,1631.0,1822,1.15,1782,1.03,668.0,0.27,2,1,0.0,0.0,5.0,0.0,-94.0,0.02,60.0,0.21487603305785125,26.0,40,5,1.69,75.0,38.96904655360048,Grass,Buena,derrotas,Excelente,victorias,player1,False,True,False
879.3866167535423,-1,1.25,107.0,1612,0.57,1467,0.0,57.88694964758413,0.27,-2,0,0.0,0.0,2.0,0.48,-338.5413140022392,0.0,40.0,0.7644301934717853,506.0,145,0,0.0,0.0,45.292658934555746,Clay,Regular,derrotas,Mala,derrotas,player1,True,False,False
1134.0,-3,1.16,124.0,1533,0.58,1613,0.49,13.0,0.26,-5,0,0.23,0.5,12.0,0.5,-681.0,0.2,30.0,0.3991189427312775,453.0,-80,3,1.2,40.0,44.43858252644143,Clay,Mala,derrotas,Regular,derrotas,player2,True,False,False
301.0,-3,1.35,328.0,1711,0.65,1602,0.64,176.0,0.27,-1,0,0.0,0.55,10.0,0.58,-123.0,0.35,65.0,0.5894039735099338,178.0,109,2,1.24,50.0,61.128542671523476,Clay,Buena,derrotas,Regular,derrotas,player1,True,False,False
371.0,-1,1.3,67.0,1644,0.6,1672,0.63,131.0,0.23,-1,0,0.34,0.53,9.0,0.52,208.0,0.29,60.0,1.5564516129032258,579.0,-28,4,1.27,55.0,53.96618527250077,Clay,Buena,derrotas,Regular,derrotas,player2,True,False,False
409.0,-1,1.24,64.0,1628,0.6,1676,0.62,116.0,0.19,-1,0,0.43,0.52,10.0,0.51,181.0,0.0,50.0,1.4390243902439024,590.0,-48,6,1.24,50.0,52.043284798920745,Clay,Regular,derrotas,Regular,derrotas,player2,True,False,False
620.0,-1,1.19,125.0,1695,0.63,1577,0.6,58.0,0.23,-4,0,0.34,0.48,10.0,0.56,-233.0,0.59,55.0,0.6231884057971014,387.0,118,12,1.13,50.0,28.816890493998127,Clay,Regular,derrotas,Regular,derrotas,player1,True,False,False
293.0,-3,1.25,126.0,1677,0.63,1699,0.64,179.0,0.12,-1,1,0.22,0.5,7.0,0.56,92.0,0.15,55.0,1.3095238095238095,385.0,-22,7,1.3,65.0,73.06805892313221,Clay,Regular,derrotas,Buena,derrotas,player1,True,False,False
1149.0,2,1.34,150.0,1629,0.63,1472,0.53,11.0,0.2,-2,0,0.15,0.33,14.0,0.53,-814.0,0.3,55.0,0.29130434782608694,335.0,157,3,1.11,30.0,43.06321758324543,Clay,Regular,victorias,Mala,derrotas,player1,True,False,False
106.0,-1,1.3,546.0,1779,0.63,1680,0.67,729.0,0.27,-1,2,0.15,0.56,13.0,0.69,33.0,0.22,65.0,1.2990654205607477,139.0,99,5,1.14,35.0,37.196702956616825,Clay,Buena,derrotas,Mala,derrotas,player2,True,False,False
118.0,-1,1.3,433.46268198857894,1709,0.0,1699,0.67,681.0,0.27,-1,0,0.48,0.6,10.0,0.62,186.70419683882258,0.26,60.0,2.634492909997052,299.1677326723063,10,4,1.25,50.0,21.07808736479709,Clay,Buena,derrotas,Regular,derrotas,player2,True,False,False
255.0,-4,1.18,651.0,1597,0.67,1549,0.65,270.0,0.27,-4,0,0.11,0.59,15.0,0.29,-131.0,0.31,40.0,0.484375,124.0,48,4,1.06,25.0,42.43058489047161,Clay,Regular,derrotas,Mala,derrotas,player1,True,False,False
175.0,1,1.35,201.0,1641,0.64,1628,0.66,422.0,0.26,-1,0,0.26,0.53,11.0,0.51,146.0,0.24,55.0,1.8238636363636365,321.0,13,2,1.22,45.0,70.5270798541944,Clay,Regular,victorias,Regular,derrotas,player2,True,False,False
2158.0,-2,1.3,42.0,1609,0.91,1446,0.54,1.0,0.16,-1,0,0.06,0.21,7.0,0.41,-1433.0,0.0,50.0,0.33580361278369614,725.0,163,1,1.08,22.2,28.59120852398759,Hard,Regular,derrotas,Mala,derrotas,player2,False,False,True
871.0,-1,1.14,6.0,1468,0.74,1518,0.87,28.0,0.21,-1,0,0.09,0.36,12.0,0.36,499.0,0.0,30.0,1.5711009174311927,1370.0,-50,1,1.26,40.0,43.42402731491269,Hard,Mala,derrotas,Regular,derrotas,player2,False,False,True
677.0,-1,1.29,35.0,1632,0.89,1653,0.91,49.0,0.21,-2,0,0.09,0.41,7.0,0.41,124.0,0.0,50.0,1.1814159292035398,801.0,-21,2,1.36,65.0,55.98175693588991,Hard,Regular,derrotas,Buena,derrotas,player2,False,False,True
35.0,1,1.36,598.1809857013515,1766,0.0,1743,1.05,1283.0,0.27,-5,0,0.04,0.0,13.0,0.54,89.47325055700591,0.09,30.0,3.4376631447411765,147.28274017830162,23,8,1.3,35.0,68.5982188387199,Grass,Mala,victorias,Mala,derrotas,player1,False,True,False
810.0,-1,1.28,21.0,1582,0.52,1623,0.53,34.0,0.21,-1,0,0.0,0.39,9.0,0.43,149.0,0.0,50.0,1.1824907521578298,959.0,-41,3,1.31,55.0,54.773414687081804,Clay,Regular,derrotas,Regular,derrotas,player2,True,False,False
879.0,-1,1.27,127.0,1684,0.58,1529,0.52,27.0,0.25,-2,0,0.0,0.4,11.0,0.46,-500.0,0.41,50.0,0.43068181818181817,379.0,155,3,1.24,45.0,42.5602754709217,Clay,Regular,derrotas,Regular,derrotas,player1,True,False,False
353.0,-1,1.27,152.0,1661,0.63,1658,0.63,141.0,0.24,2,2,0.32,0.51,8.0,0.57,-22.0,0.0,60.0,0.9350282485875706,331.0,3,5,1.37,60.0,53.97814533594658,Clay,Buena,derrotas,Buena,victorias,player1,True,False,False
649.0,-4,1.33,78.0,1644,0.94,1646,0.92,53.0,0.16,-2,0,0.0,0.38,9.0,0.38,-113.0,0.0,60.0,0.8246153846153846,536.0,-2,1,1.35,55.0,26.884498696431056,Hard,Buena,derrotas,Regular,derrotas,player1,False,False,True
611.0,-2,1.19,127.0,1589,0.96,1591,0.93,60.0,0.25,-1,0,0.12,0.42,11.0,0.42,-232.0,0.1,40.0,0.619281045751634,379.0,-2,3,1.26,45.0,29.54970369825463,Hard,Regular,derrotas,Regular,derrotas,player2,False,False,True
488.0,-1,1.27,96.0,1636,0.95,1661,0.91,112.0,0.23,-1,1,0.19,0.42,7.0,0.4,59.0,0.22,60.0,1.1186094069529653,547.0,-25,7,1.29,65.0,59.72800727290827,Hard,Buena,derrotas,Buena,derrotas,player2,False,False,True
831.0,-2,1.21,13.0,1535,0.49,1584,0.53,32.0,0.14,1,0,0.51,0.45,9.0,0.3,267.0,0.0,45.0,1.3197115384615385,1098.0,-49,6,1.3,55.0,45.948760231303304,Clay,Regular,derrotas,Regular,victorias,player2,True,False,False
775.0,1,1.32,1.0,1552,0.35,1550,0.58,38.0,0.0,1,0,0.0,0.44,11.0,0.42,1342.0,0.0,45.5,2.7280927835051547,2117.0,2,1,1.27,45.0,45.123336892097576,Clay,Regular,victorias,Regular,victorias,player2,True,False,False
113.0,-2,1.37,1328.0,1749,1.15,1684,1.03,697.0,0.27,3,1,0.09,0.6,10.0,0.42,-77.0,0.13,45.0,0.3157894736842105,36.0,65,12,1.47,50.0,45.47980677268971,Grass,Regular,derrotas,Regular,victorias,player2,False,True,False
120.0,-1,1.51,1631.0,1822,1.15,1782,1.03,668.0,0.27,2,1,0.0,0.0,5.0,0.0,-94.0,0.02,60.0,0.21487603305785125,26.0,40,5,1.69,75.0,38.96904655360048,Grass,Buena,derrotas,Excelente,victorias,player1,False,True,False
879.3866167535423,-1,1.25,107.0,1612,0.57,1467,0.0,57.88694964758413,0.27,-2,0,0.0,0.0,2.0,0.48,-338.5413140022392,0.0,40.0,0.7644301934717853,506.0,145,0,0.0,0.0,45.292658934555746,Clay,Regular,derrotas,Mala,derrotas,player1,True,False,False
1134.0,-3,1.16,124.0,1533,0.58,1613,0.49,13.0,0.26,-5,0,0.23,0.5,12.0,0.5,-681.0,0.2,30.0,0.3991189427312775,453.0,-80,3,1.2,40.0,44.43858252644143,Clay,Mala,derrotas,Regular,derrotas,player2,True,False,False
301.0,-3,1.35,328.0,1711,0.65,1602,0.64,176.0,0.27,-1,0,0.0,0.55,10.0,0.58,-123.0,0.35,65.0,0.5894039735099338,178.0,109,2,1.24,50.0,61.128542671523476,Clay,Buena,derrotas,Regular,derrotas,player1,True,False,False
371.0,-2,1.27,67.0,1627,0.6,1684,0.63,131.0,0.23,1,0,0.34,0.53,8.0,0.52,208.0,0.26,55.0,1.5564516129032258,579.0,-57,4,1.33,60.0,51.94668626388586,Clay,Regular,derrotas,Buena,victorias,player2,True,False,False
409.0,-1,1.24,64.0,1628,0.6,1676,0.62,116.0,0.19,-1,0,0.43,0.52,10.0,0.51,181.0,0.0,50.0,1.4390243902439024,590.0,-48,6,1.24,50.0,52.043284798920745,Clay,Regular,derrotas,Regular,derrotas,player2,True,False,False
620.0,-1,1.19,125.0,1695,0.63,1577,0.6,58.0,0.23,-4,0,0.34,0.48,10.0,0.56,-233.0,0.59,55.0,0.6231884057971014,387.0,118,12,1.13,50.0,28.816890493998127,Clay,Regular,derrotas,Regular,derrotas,player1,True,False,False
293.0,-3,1.25,126.0,1677,0.63,1699,0.64,179.0,0.12,-1,1,0.22,0.5,7.0,0.56,92.0,0.15,55.0,1.3095238095238095,385.0,-22,7,1.3,65.0,73.06805892313221,Clay,Regular,derrotas,Buena,derrotas,player1,True,False,False
1149.0,2,1.34,150.0,1629,0.63,1472,0.53,11.0,0.2,-2,0,0.15,0.33,14.0,0.53,-814.0,0.3,55.0,0.29130434782608694,335.0,157,3,1.11,30.0,43.06321758324543,Clay,Regular,victorias,Mala,derrotas,player1,True,False,False
106.0,-1,1.3,546.0,1779,0.63,1680,0.67,729.0,0.27,-1,2,0.15,0.56,13.0,0.69,33.0,0.22,65.0,1.2990654205607477,139.0,99,5,1.14,35.0,37.196702956616825,Clay,Buena,derrotas,Mala,derrotas,player2,True,False,False
118.0,-1,1.3,433.46268198857894,1709,0.0,1699,0.67,681.0,0.27,-1,0,0.48,0.6,10.0,0.62,186.70419683882258,0.26,60.0,2.634492909997052,299.1677326723063,10,4,1.25,50.0,21.07808736479709,Clay,Buena,derrotas,Regular,derrotas,player2,True,False,False
255.0,-4,1.18,651.0,1597,0.67,1549,0.65,270.0,0.27,-4,0,0.11,0.59,15.0,0.29,-131.0,0.31,40.0,0.484375,124.0,48,4,1.06,25.0,42.43058489047161,Clay,Regular,derrotas,Mala,derrotas,player1,True,False,False
175.0,1,1.35,201.0,1641,0.64,1628,0.66,422.0,0.26,-1,0,0.26,0.53,11.0,0.51,146.0,0.24,55.0,1.8238636363636365,321.0,13,2,1.22,45.0,70.5270798541944,Clay,Regular,victorias,Regular,derrotas,player2,True,False,False
2158.0,-2,1.3,42.0,1609,0.91,1446,0.54,1.0,0.16,-1,0,0.06,0.21,7.0,0.41,-1433.0,0.0,50.0,0.33580361278369614,725.0,163,1,1.08,22.2,28.59120852398759,Hard,Regular,derrotas,Mala,derrotas,player2,False,False,True
871.0,-1,1.14,6.0,1468,0.74,1518,0.87,28.0,0.21,-1,0,0.09,0.36,12.0,0.36,499.0,0.0,30.0,1.5711009174311927,1370.0,-50,1,1.26,40.0,43.42402731491269,Hard,Mala,derrotas,Regular,derrotas,player2,False,False,True
677.0,-1,1.29,35.0,1632,0.89,1653,0.91,49.0,0.21,-2,0,0.09,0.41,7.0,0.41,124.0,0.0,50.0,1.1814159292035398,801.0,-21,2,1.36,65.0,55.98175693588991,Hard,Regular,derrotas,Buena,derrotas,player2,False,False,True
35.0,1,1.36,598.1809857013515,1766,0.0,1743,1.05,1283.0,0.27,-5,0,0.04,0.0,13.0,0.54,89.47325055700591,0.09,30.0,3.4376631447411765,147.28274017830162,23,8,1.3,35.0,68.5982188387199,Grass,Mala,victorias,Mala,derrotas,player1,False,True,False
810.0,-1,1.28,21.0,1582,0.52,1623,0.53,34.0,0.21,-1,0,0.0,0.39,9.0,0.43,149.0,0.0,50.0,1.1824907521578298,959.0,-41,3,1.31,55.0,54.773414687081804,Clay,Regular,derrotas,Regular,derrotas,player2,True,False,False
879.0,-1,1.27,127.0,1684,0.58,1529,0.52,27.0,0.25,-2,0,0.0,0.4,11.0,0.46,-500.0,0.41,50.0,0.43068181818181817,379.0,155,3,1.24,45.0,42.5602754709217,Clay,Regular,derrotas,Regular,derrotas,player1,True,False,False
353.0,-1,1.27,152.0,1661,0.63,1658,0.63,141.0,0.24,2,2,0.32,0.51,8.0,0.57,-22.0,0.0,60.0,0.9350282485875706,331.0,3,5,1.37,60.0,53.97814533594658,Clay,Buena,derrotas,Buena,victorias,player1,True,False,False
649.0,-4,1.33,78.0,1644,0.94,1646,0.92,53.0,0.16,-2,0,0.0,0.38,9.0,0.38,-113.0,0.0,60.0,0.8246153846153846,536.0,-2,1,1.35,55.0,26.884498696431056,Hard,Buena,derrotas,Regular,derrotas,player1,False,False,True
611.0,-2,1.19,127.0,1589,0.96,1591,0.93,60.0,0.25,-1,0,0.12,0.42,11.0,0.42,-232.0,0.1,40.0,0.619281045751634,379.0,-2,3,1.26,45.0,29.54970369825463,Hard,Regular,derrotas,Regular,derrotas,player2,False,False,True
488.0,-1,1.27,96.0,1636,0.95,1661,0.91,112.0,0.23,-1,1,0.19,0.42,7.0,0.4,59.0,0.22,60.0,1.1186094069529653,547.0,-25,7,1.29,65.0,59.72800727290814,Hard,Buena,derrotas,Buena,derrotas,player2,False,False,True
